LEVEL1ID,LEVEL2ID,LEVEL3ID,LEVEL4ID,LEVEL5ID,SURVEYR,BYCOND,descrip_E,descrip_F,DEMCODE,QUESTION,TITLE_E,TITLE_F,ANSWER1,ANSWER2,ANSWER3,ANSWER4,ANSWER5,ANSWER6,ANSWER7,MOST_POSITIVE_OR_LEAST_NEGATIVE,NEUTRAL_OR_MIDDLE_CATEGORY,MOST_NEGATIVE_OR_LEAST_POSITIVE,AGREE,SCORE5,SCORE100,ANSCOUNT,DEPT_E,DEPT_F,INDICATORID,INDICATORENG,INDICATORFRA,SUBINDICATORID,SUBINDICATORENG,SUBINDICATORFRA
6,0,0,0,0,2022,,Health Canada,Santé Canada,,Q01,"Question 1. I have the tools, technology and equipment I need to do my job.","Question 1. Je dispose des outils, de la technologie et de l'équipement dont j'ai besoin pour effectuer mon travail.",39,44,4,10,4,0,0,83,4,13,83,4.04,76,5575.0,Health Canada,Santé Canada,4,Workplace,Milieu de travail,14,Physical environment and equipment,Environnement physique et équipement
6,0,0,0,0,2020,,Health Canada,Santé Canada,,Q01,"Question 1. I have the tools, technology and equipment I need to do my job.","Question 1. Je dispose des outils, de la technologie et de l'équipement dont j'ai besoin pour effectuer mon travail.",38,46,4,10,2,0,0,85,4,12,85,4.09,77,5240.0,Health Canada,Santé Canada,4,Workplace,Milieu de travail,14,Physical environment and equipment,Environnement physique et équipement
6,0,0,0,0,2022,,Health Canada,Santé Canada,,Q02,"Question 2. The material and tools provided for my work, including software and other automated tools, are available in the official language of my choice.","Question 2. Le matériel et les outils mis à ma disposition dans le cadre de mon travail, y compris les logiciels et les autres outils informatisés, sont disponibles dans la langue officielle de mon choix.",74,17,4,2,1,1,1,93,4,3,93,4.64,91,5575.0,Health Canada,Santé Canada,4,Workplace,Milieu de travail,15,Use of official languages,Utilisation des langues officielles
6,0,0,0,0,2020,,Health Canada,Santé Canada,,Q02,"Question 2. The material and tools provided for my work, including software and other automated tools, are available in the official language of my choice.","Question 2. Le matériel et les outils mis à ma disposition dans le cadre de mon travail, y compris les logiciels et les autres outils informatisés, sont disponibles dans la langue officielle de mon choix.",77,16,3,2,1,1,1,94,3,4,94,4.66,92,5219.0,Health Canada,Santé Canada,4,Workplace,Milieu de travail,15,Use of official languages,Utilisation des langues officielles
6,0,0,0,0,2022,,Health Canada,Santé Canada,,Q03,"Question 3. My physical environment (e.g., office, workspace) is suitable for my job requirements.","Question 3. Mon environnement physique (p. ex. bureau, espace de travail) est adapté aux exigences de mon travail.",41,34,7,11,6,0,1,76,8,16,76,3.96,74,5570.0,Health Canada,Santé Canada,4,Workplace,Milieu de travail,14,Physical environment and equipment,Environnement physique et équipement
6,0,0,0,0,2020,,Health Canada,Santé Canada,,Q03,"Question 3. My physical environment (e.g., office, workspace) is suitable for my job requirements.","Question 3. Mon environnement physique (p. ex. bureau, espace de travail) est adapté aux exigences de mon travail.",36,39,9,12,3,0,1,76,9,15,76,3.95,74,5234.0,Health Canada,Santé Canada,4,Workplace,Milieu de travail,14,Physical environment and equipment,Environnement physique et équipement
6,0,0,0,0,2019,,Health Canada,Santé Canada,,Q03,"Question 3. My physical environment (e.g., office, workspace) is suitable for my job requirements.","Question 3. Mon environnement physique (p. ex. bureau, espace de travail) est adapté aux exigences de mon travail.",44,34,6,10,5,0,0,79,6,15,79,4.03,76,5426.0,Health Canada,Santé Canada,4,Workplace,Milieu de travail,14,Physical environment and equipment,Environnement physique et équipement
6,0,0,0,0,2022,,Health Canada,Santé Canada,,Q04,Question 4. I get the training I need to do my job.,Question 4. Je reçois la formation dont j'ai besoin pour faire mon travail.,33,41,10,11,4,0,1,74,11,15,74,3.88,72,5560.0,Health Canada,Santé Canada,3,Workforce,Effectif,5,Job fit and development,Compatibilité entre la personne et l'emploi et perfectionnement
6,0,0,0,0,2020,,Health Canada,Santé Canada,,Q04,Question 4. I get the training I need to do my job.,Question 4. Je reçois la formation dont j'ai besoin pour faire mon travail.,36,40,11,9,3,0,1,76,12,12,76,3.98,74,5208.0,Health Canada,Santé Canada,3,Workforce,Effectif,5,Job fit and development,Compatibilité entre la personne et l'emploi et perfectionnement
6,0,0,0,0,2019,,Health Canada,Santé Canada,,Q04,Question 4. I get the training I need to do my job.,Question 4. Je reçois la formation dont j'ai besoin pour faire mon travail.,31,40,12,13,4,0,0,71,12,17,71,3.81,70,5414.0,Health Canada,Santé Canada,3,Workforce,Effectif,5,Job fit and development,Compatibilité entre la personne et l'emploi et perfectionnement
6,0,0,0,0,2018,,Health Canada,Santé Canada,,Q04,Question 4. I get the training I need to do my job.,Question 4. Je reçois la formation dont j'ai besoin pour faire mon travail.,27,44,11,12,4,0,1,72,11,17,72,3.79,70,4370.0,Health Canada,Santé Canada,3,Workforce,Effectif,5,Job fit and development,Compatibilité entre la personne et l'emploi et perfectionnement
6,0,0,0,0,2022,,Health Canada,Santé Canada,,Q05,"Question 5. I have the information, training and equipment I need to ensure my health and safety at work.","Question 5. J'ai l'information, la formation et l'équipement dont j'ai besoin pour assurer ma santé et ma sécurité au travail.",45,35,8,7,4,0,1,81,8,11,81,4.11,78,5565.0,Health Canada,Santé Canada,4,Workplace,Milieu de travail,14,Physical environment and equipment,Environnement physique et équipement
6,0,0,0,0,2020,,Health Canada,Santé Canada,,Q05,"Question 5. I have the information, training and equipment I need to ensure my health and safety at work.","Question 5. J'ai l'information, la formation et l'équipement dont j'ai besoin pour assurer ma santé et ma sécurité au travail.",46,35,9,7,2,0,0,82,9,9,82,4.17,79,5190.0,Health Canada,Santé Canada,4,Workplace,Milieu de travail,14,Physical environment and equipment,Environnement physique et équipement
6,0,0,0,0,2019,,Health Canada,Santé Canada,,Q05,"Question 5. I have the information, training and equipment I need to ensure my health and safety at work.","Question 5. J'ai l'information, la formation et l'équipement dont j'ai besoin pour assurer ma santé et ma sécurité au travail.",49,34,8,6,2,0,0,83,8,8,83,4.22,81,5399.0,Health Canada,Santé Canada,4,Workplace,Milieu de travail,14,Physical environment and equipment,Environnement physique et équipement
6,0,0,0,0,2022,,Health Canada,Santé Canada,,Q06,Question 6. I have support at work to balance my work and personal life.,Question 6. Je reçois du soutien au travail pour concilier mon travail et ma vie personnelle.,45,32,8,8,6,0,0,77,8,15,77,4.02,76,5575.0,Health Canada,Santé Canada,3,Workforce,Effectif,7,Work-life balance and workload,Équilibre travail-vie privée et charge de travail
6,0,0,0,0,2020,,Health Canada,Santé Canada,,Q06,Question 6. I have support at work to balance my work and personal life.,Question 6. Je reçois du soutien au travail pour concilier mon travail et ma vie personnelle.,46,32,10,8,4,0,0,78,10,12,78,4.08,77,5216.0,Health Canada,Santé Canada,3,Workforce,Effectif,7,Work-life balance and workload,Équilibre travail-vie privée et charge de travail
6,0,0,0,0,2019,,Health Canada,Santé Canada,,Q06,Question 6. I have support at work to balance my work and personal life.,Question 6. Je reçois du soutien au travail pour concilier mon travail et ma vie personnelle.,50,30,9,6,4,0,0,81,9,11,81,4.16,79,5417.0,Health Canada,Santé Canada,3,Workforce,Effectif,7,Work-life balance and workload,Équilibre travail-vie privée et charge de travail
6,0,0,0,0,2018,,Health Canada,Santé Canada,,Q06,Question 6. I have support at work to balance my work and personal life.,Question 6. Je reçois du soutien au travail pour concilier mon travail et ma vie personnelle.,47,32,9,7,4,0,0,80,9,11,80,4.12,78,4366.0,Health Canada,Santé Canada,3,Workforce,Effectif,7,Work-life balance and workload,Équilibre travail-vie privée et charge de travail
6,0,0,0,0,2022,,Health Canada,Santé Canada,,Q07,Question 7. I get a sense of satisfaction from my work.,Question 7. Je tire de la satisfaction de mon travail.,38,38,12,8,5,0,0,76,12,12,76,3.96,74,5570.0,Health Canada,Santé Canada,1,Employee engagement,Mobilisation des employés,1,Employee engagement,Mobilisation des employés
6,0,0,0,0,2020,,Health Canada,Santé Canada,,Q07,Question 7. I get a sense of satisfaction from my work.,Question 7. Je tire de la satisfaction de mon travail.,41,40,10,6,3,0,0,81,10,9,81,4.1,78,5235.0,Health Canada,Santé Canada,1,Employee engagement,Mobilisation des employés,1,Employee engagement,Mobilisation des employés
6,0,0,0,0,2019,,Health Canada,Santé Canada,,Q07,Question 7. I get a sense of satisfaction from my work.,Question 7. Je tire de la satisfaction de mon travail.,39,39,11,7,4,0,0,78,11,11,78,4.03,76,5427.0,Health Canada,Santé Canada,1,Employee engagement,Mobilisation des employés,1,Employee engagement,Mobilisation des employés
6,0,0,0,0,2018,,Health Canada,Santé Canada,,Q07,Question 7. I get a sense of satisfaction from my work.,Question 7. Je tire de la satisfaction de mon travail.,36,42,11,7,4,0,0,78,11,11,78,3.98,75,4359.0,Health Canada,Santé Canada,1,Employee engagement,Mobilisation des employés,1,Employee engagement,Mobilisation des employés
6,0,0,0,0,2022,,Health Canada,Santé Canada,,Q08,Question 8. I receive meaningful recognition for work well done.,Question 8. Je reçois une reconnaissance significative lorsque je fais un bon travail.,35,34,14,9,7,0,0,70,14,17,70,3.82,71,5575.0,Health Canada,Santé Canada,3,Workforce,Effectif,4,Performance management,Gestion du rendement
6,0,0,0,0,2020,,Health Canada,Santé Canada,,Q08,Question 8. I receive meaningful recognition for work well done.,Question 8. Je reçois une reconnaissance significative lorsque je fais un bon travail.,38,37,11,9,5,0,0,75,11,14,75,3.95,74,5228.0,Health Canada,Santé Canada,3,Workforce,Effectif,4,Performance management,Gestion du rendement
6,0,0,0,0,2019,,Health Canada,Santé Canada,,Q08,Question 8. I receive meaningful recognition for work well done.,Question 8. Je reçois une reconnaissance significative lorsque je fais un bon travail.,32,37,13,11,6,0,0,69,13,18,69,3.78,69,5429.0,Health Canada,Santé Canada,3,Workforce,Effectif,4,Performance management,Gestion du rendement
6,0,0,0,0,2018,,Health Canada,Santé Canada,,Q08,Question 8. I receive meaningful recognition for work well done.,Question 8. Je reçois une reconnaissance significative lorsque je fais un bon travail.,31,35,15,11,7,0,0,66,15,18,66,3.72,68,4370.0,Health Canada,Santé Canada,3,Workforce,Effectif,4,Performance management,Gestion du rendement
6,0,0,0,0,2022,,Health Canada,Santé Canada,,Q09,Question 9. I have clear work objectives.,Question 9. J'ai des objectifs de travail clairs.,40,41,8,8,3,0,0,81,8,11,81,4.06,77,5575.0,Health Canada,Santé Canada,3,Workforce,Effectif,4,Performance management,Gestion du rendement
6,0,0,0,0,2020,,Health Canada,Santé Canada,,Q09,Question 9. I have clear work objectives.,Question 9. J'ai des objectifs de travail clairs.,40,41,9,8,3,0,0,81,9,10,81,4.08,77,5206.0,Health Canada,Santé Canada,3,Workforce,Effectif,4,Performance management,Gestion du rendement
6,0,0,0,0,2019,,Health Canada,Santé Canada,,Q09,Question 9. I have clear work objectives.,Question 9. J'ai des objectifs de travail clairs.,37,42,10,8,3,0,0,79,10,11,79,4.02,75,5403.0,Health Canada,Santé Canada,3,Workforce,Effectif,4,Performance management,Gestion du rendement
6,0,0,0,0,2018,,Health Canada,Santé Canada,,Q09,Question 9. I have clear work objectives.,Question 9. J'ai des objectifs de travail clairs.,36,40,11,9,4,0,0,76,11,13,76,3.96,74,4371.0,Health Canada,Santé Canada,3,Workforce,Effectif,4,Performance management,Gestion du rendement
6,0,0,0,0,2022,,Health Canada,Santé Canada,,Q10,Question 10. I know how my work contributes to the achievement of my department's or agency's goals.,Question 10. Je sais de quelle façon mon travail contribue à l'atteinte des objectifs de mon ministère ou organisme.,50,36,7,4,2,0,0,87,7,6,87,4.29,82,5565.0,Health Canada,Santé Canada,4,Workplace,Milieu de travail,9,Organizational goals,Buts organisationnels
6,0,0,0,0,2020,,Health Canada,Santé Canada,,Q10,Question 10. I know how my work contributes to the achievement of my department's or agency's goals.,Question 10. Je sais de quelle façon mon travail contribue à l'atteinte des objectifs de mon ministère ou organisme.,52,36,7,3,1,0,0,89,7,4,89,4.36,84,5203.0,Health Canada,Santé Canada,4,Workplace,Milieu de travail,9,Organizational goals,Buts organisationnels
6,0,0,0,0,2019,,Health Canada,Santé Canada,,Q10,Question 10. I know how my work contributes to the achievement of my department's or agency's goals.,Question 10. Je sais de quelle façon mon travail contribue à l'atteinte des objectifs de mon ministère ou organisme.,47,38,8,5,2,0,0,86,8,6,86,4.25,81,5406.0,Health Canada,Santé Canada,4,Workplace,Milieu de travail,9,Organizational goals,Buts organisationnels
6,0,0,0,0,2018,,Health Canada,Santé Canada,,Q10,Question 10. I know how my work contributes to the achievement of my department's or agency's goals.,Question 10. Je sais de quelle façon mon travail contribue à l'atteinte des objectifs de mon ministère ou organisme.,48,38,7,4,2,0,0,87,7,6,87,4.28,82,4379.0,Health Canada,Santé Canada,4,Workplace,Milieu de travail,9,Organizational goals,Buts organisationnels
6,0,0,0,0,2022,,Health Canada,Santé Canada,,Q11,"Question 11. Overall, I feel valued at work.","Question 11. Dans l'ensemble, je me sens valorisé(e) au travail.",39,35,11,9,6,0,0,74,11,15,74,3.92,73,5575.0,Health Canada,Santé Canada,1,Employee engagement,Mobilisation des employés,1,Employee engagement,Mobilisation des employés
6,0,0,0,0,2020,,Health Canada,Santé Canada,,Q11,"Question 11. Overall, I feel valued at work.","Question 11. Dans l'ensemble, je me sens valorisé(e) au travail.",40,37,11,8,4,0,0,77,11,12,77,4,75,5204.0,Health Canada,Santé Canada,1,Employee engagement,Mobilisation des employés,1,Employee engagement,Mobilisation des employés
6,0,0,0,0,2019,,Health Canada,Santé Canada,,Q11,"Question 11. Overall, I feel valued at work.","Question 11. Dans l'ensemble, je me sens valorisé(e) au travail.",37,37,12,10,5,0,0,73,12,15,73,3.9,72,5416.0,Health Canada,Santé Canada,1,Employee engagement,Mobilisation des employés,1,Employee engagement,Mobilisation des employés
6,0,0,0,0,2018,,Health Canada,Santé Canada,,Q11,"Question 11. Overall, I feel valued at work.","Question 11. Dans l'ensemble, je me sens valorisé(e) au travail.",35,37,12,9,6,0,0,72,12,16,72,3.85,71,4377.0,Health Canada,Santé Canada,1,Employee engagement,Mobilisation des employés,1,Employee engagement,Mobilisation des employés
6,0,0,0,0,2022,,Health Canada,Santé Canada,,Q12,Question 12. I am proud of the work that I do.,Question 12. Je suis fièr(e) du travail que je fais.,51,32,10,4,2,0,0,84,10,6,84,4.27,82,5565.0,Health Canada,Santé Canada,1,Employee engagement,Mobilisation des employés,1,Employee engagement,Mobilisation des employés
6,0,0,0,0,2020,,Health Canada,Santé Canada,,Q12,Question 12. I am proud of the work that I do.,Question 12. Je suis fièr(e) du travail que je fais.,54,33,9,3,1,0,0,87,9,4,87,4.36,84,5197.0,Health Canada,Santé Canada,1,Employee engagement,Mobilisation des employés,1,Employee engagement,Mobilisation des employés
6,0,0,0,0,2019,,Health Canada,Santé Canada,,Q12,Question 12. I am proud of the work that I do.,Question 12. Je suis fièr(e) du travail que je fais.,53,32,9,3,2,0,0,86,9,5,86,4.33,83,5402.0,Health Canada,Santé Canada,1,Employee engagement,Mobilisation des employés,1,Employee engagement,Mobilisation des employés
6,0,0,0,0,2018,,Health Canada,Santé Canada,,Q12,Question 12. I am proud of the work that I do.,Question 12. Je suis fièr(e) du travail que je fais.,50,35,10,3,2,0,0,85,10,5,85,4.29,82,4351.0,Health Canada,Santé Canada,1,Employee engagement,Mobilisation des employés,1,Employee engagement,Mobilisation des employés
6,0,0,0,0,2022,,Health Canada,Santé Canada,,Q13,Question 13. I have opportunities to provide input into decisions that affect my work.,Question 13. J'ai l'occasion de contribuer aux décisions qui touchent mon travail.,34,38,12,10,6,0,0,72,12,16,72,3.85,71,5565.0,Health Canada,Santé Canada,3,Workforce,Effectif,6,Empowerment,Habilitation
6,0,0,0,0,2020,,Health Canada,Santé Canada,,Q13,Question 13. I have opportunities to provide input into decisions that affect my work.,Question 13. J'ai l'occasion de contribuer aux décisions qui touchent mon travail.,37,39,11,8,4,0,0,77,11,12,77,3.99,75,5199.0,Health Canada,Santé Canada,3,Workforce,Effectif,6,Empowerment,Habilitation
6,0,0,0,0,2019,,Health Canada,Santé Canada,,Q13,Question 13. I have opportunities to provide input into decisions that affect my work.,Question 13. J'ai l'occasion de contribuer aux décisions qui touchent mon travail.,34,39,12,9,5,0,0,74,12,14,74,3.88,72,5402.0,Health Canada,Santé Canada,3,Workforce,Effectif,6,Empowerment,Habilitation
6,0,0,0,0,2018,,Health Canada,Santé Canada,,Q13,Question 13. I have opportunities to provide input into decisions that affect my work.,Question 13. J'ai l'occasion de contribuer aux décisions qui touchent mon travail.,31,40,13,10,5,0,0,72,13,15,72,3.83,71,4364.0,Health Canada,Santé Canada,3,Workforce,Effectif,6,Empowerment,Habilitation
6,0,0,0,0,2022,,Health Canada,Santé Canada,,Q14,Question 14. I am encouraged to be innovative or to take initiative in my work.,Question 14. On m'encourage à innover ou à prendre des initiatives dans mon travail.,39,33,14,8,5,0,0,73,14,13,73,3.94,74,5570.0,Health Canada,Santé Canada,3,Workforce,Effectif,6,Empowerment,Habilitation
6,0,0,0,0,2020,,Health Canada,Santé Canada,,Q14,Question 14. I am encouraged to be innovative or to take initiative in my work.,Question 14. On m'encourage à innover ou à prendre des initiatives dans mon travail.,41,35,13,7,4,0,0,76,13,11,76,4.02,75,5219.0,Health Canada,Santé Canada,3,Workforce,Effectif,6,Empowerment,Habilitation
6,0,0,0,0,2019,,Health Canada,Santé Canada,,Q14,Question 14. I am encouraged to be innovative or to take initiative in my work.,Question 14. On m'encourage à innover ou à prendre des initiatives dans mon travail.,37,35,15,8,5,0,0,72,15,12,72,3.93,73,5422.0,Health Canada,Santé Canada,3,Workforce,Effectif,6,Empowerment,Habilitation
6,0,0,0,0,2018,,Health Canada,Santé Canada,,Q14,Question 14. I am encouraged to be innovative or to take initiative in my work.,Question 14. On m'encourage à innover ou à prendre des initiatives dans mon travail.,35,34,15,9,5,0,0,70,15,15,70,3.86,71,4343.0,Health Canada,Santé Canada,3,Workforce,Effectif,6,Empowerment,Habilitation
6,0,0,0,0,2022,,Health Canada,Santé Canada,,Q15,Question 15. I have support at work to provide a high level of service.,"Question 15. Au travail, j'obtiens du soutien pour fournir un service de haute qualité.",38,36,13,8,4,0,1,75,13,12,75,3.97,74,5575.0,Health Canada,Santé Canada,3,Workforce,Effectif,6,Empowerment,Habilitation
6,0,0,0,0,2020,,Health Canada,Santé Canada,,Q15,Question 15. I have support at work to provide a high level of service.,"Question 15. Au travail, j'obtiens du soutien pour fournir un service de haute qualité.",38,41,11,7,2,0,0,80,11,10,80,4.06,76,5209.0,Health Canada,Santé Canada,3,Workforce,Effectif,6,Empowerment,Habilitation
6,0,0,0,0,2019,,Health Canada,Santé Canada,,Q15,Question 15. I have support at work to provide a high level of service.,"Question 15. Au travail, j'obtiens du soutien pour fournir un service de haute qualité.",35,40,12,8,4,0,1,76,13,12,76,3.96,74,5347.0,Health Canada,Santé Canada,3,Workforce,Effectif,6,Empowerment,Habilitation
6,0,0,0,0,2018,,Health Canada,Santé Canada,,Q15,Question 15. I have support at work to provide a high level of service.,"Question 15. Au travail, j'obtiens du soutien pour fournir un service de haute qualité.",34,36,14,10,5,0,0,71,14,15,71,3.85,71,4366.0,Health Canada,Santé Canada,3,Workforce,Effectif,6,Empowerment,Habilitation
6,0,0,0,0,2022,,Health Canada,Santé Canada,,Q16,"Question 16. Overall, I like my job.","Question 16. Dans l'ensemble, j'aime mon emploi.",42,38,11,6,3,0,0,80,11,9,80,4.11,78,5575.0,Health Canada,Santé Canada,1,Employee engagement,Mobilisation des employés,1,Employee engagement,Mobilisation des employés
6,0,0,0,0,2020,,Health Canada,Santé Canada,,Q16,"Question 16. Overall, I like my job.","Question 16. Dans l'ensemble, j'aime mon emploi.",46,37,9,5,2,0,0,84,9,7,84,4.21,80,5234.0,Health Canada,Santé Canada,1,Employee engagement,Mobilisation des employés,1,Employee engagement,Mobilisation des employés
6,0,0,0,0,2019,,Health Canada,Santé Canada,,Q16,"Question 16. Overall, I like my job.","Question 16. Dans l'ensemble, j'aime mon emploi.",44,38,10,5,2,0,0,82,10,8,82,4.16,79,5434.0,Health Canada,Santé Canada,1,Employee engagement,Mobilisation des employés,1,Employee engagement,Mobilisation des employés
6,0,0,0,0,2018,,Health Canada,Santé Canada,,Q16,"Question 16. Overall, I like my job.","Question 16. Dans l'ensemble, j'aime mon emploi.",40,41,10,5,3,0,0,81,10,8,81,4.1,77,4374.0,Health Canada,Santé Canada,1,Employee engagement,Mobilisation des employés,1,Employee engagement,Mobilisation des employés
6,0,0,0,0,2022,,Health Canada,Santé Canada,,Q17,Question 17. I can complete my assigned workload during my regular working hours.,Question 17. J'arrive à accomplir les tâches qui me sont assignées pendant mes heures normales de travail.,38,32,16,8,6,0,1,71,16,13,71,3.9,73,5580.0,Health Canada,Santé Canada,3,Workforce,Effectif,7,Work-life balance and workload,Équilibre travail-vie privée et charge de travail
6,0,0,0,0,2020,,Health Canada,Santé Canada,,Q17,Question 17. I can complete my assigned workload during my regular working hours.,Question 17. J'arrive à accomplir les tâches qui me sont assignées pendant mes heures normales de travail.,32,33,18,9,7,0,0,65,18,16,65,3.74,69,5205.0,Health Canada,Santé Canada,3,Workforce,Effectif,7,Work-life balance and workload,Équilibre travail-vie privée et charge de travail
6,0,0,0,0,2019,,Health Canada,Santé Canada,,Q17,Question 17. I can complete my assigned workload during my regular working hours.,Question 17. J'arrive à accomplir les tâches qui me sont assignées pendant mes heures normales de travail.,38,33,16,7,4,0,0,72,17,12,72,3.94,74,5399.0,Health Canada,Santé Canada,3,Workforce,Effectif,7,Work-life balance and workload,Équilibre travail-vie privée et charge de travail
6,0,0,0,0,2018,,Health Canada,Santé Canada,,Q17,Question 17. I can complete my assigned workload during my regular working hours.,Question 17. J'arrive à accomplir les tâches qui me sont assignées pendant mes heures normales de travail.,37,33,16,8,5,0,1,71,17,13,71,3.91,73,4388.0,Health Canada,Santé Canada,3,Workforce,Effectif,7,Work-life balance and workload,Équilibre travail-vie privée et charge de travail
6,0,0,0,0,2022,,Health Canada,Santé Canada,,Q18a,Question 18a. I feel that the quality of my work suffers because of... constantly changing priorities.,Question 18a. J'estime que la qualité de mon travail est minée parce que... les priorités changent constamment.,10,22,36,19,10,1,3,30,37,33,33,2.97,49,5560.0,Health Canada,Santé Canada,4,Workplace,Milieu de travail,10,Organizational performance,Rendement organisationnel
6,0,0,0,0,2020,,Health Canada,Santé Canada,,Q18a,Question 18a. I feel that the quality of my work suffers because of... constantly changing priorities.,Question 18a. J'estime que la qualité de mon travail est minée parce que... les priorités changent constamment.,9,23,37,21,9,1,1,30,38,32,32,2.98,50,5234.0,Health Canada,Santé Canada,4,Workplace,Milieu de travail,10,Organizational performance,Rendement organisationnel
6,0,0,0,0,2019,,Health Canada,Santé Canada,,Q18a,Question 18a. I feel that the quality of my work suffers because of... constantly changing priorities.,Question 18a. J'estime que la qualité de mon travail est minée parce que... les priorités changent constamment.,9,23,37,21,9,1,1,31,37,32,32,2.99,50,5426.0,Health Canada,Santé Canada,4,Workplace,Milieu de travail,10,Organizational performance,Rendement organisationnel
6,0,0,0,0,2018,,Health Canada,Santé Canada,,Q18a,Question 18a. I feel that the quality of my work suffers because of... constantly changing priorities.,Question 18a. J'estime que la qualité de mon travail est minée parce que... les priorités changent constamment.,9,23,36,20,9,1,2,29,37,34,34,2.95,49,4376.0,Health Canada,Santé Canada,4,Workplace,Milieu de travail,10,Organizational performance,Rendement organisationnel
6,0,0,0,0,2022,,Health Canada,Santé Canada,,Q18b,Question 18b. I feel that the quality of my work suffers because of... too many approval stages.,Question 18b. J'estime que la qualité de mon travail est minée parce que... il y a un trop grand nombre d'étapes d'approbation.,17,23,30,16,10,1,3,26,31,42,42,2.77,44,5560.0,Health Canada,Santé Canada,4,Workplace,Milieu de travail,10,Organizational performance,Rendement organisationnel
6,0,0,0,0,2020,,Health Canada,Santé Canada,,Q18b,Question 18b. I feel that the quality of my work suffers because of... too many approval stages.,Question 18b. J'estime que la qualité de mon travail est minée parce que... il y a un trop grand nombre d'étapes d'approbation.,14,22,33,18,10,2,2,29,34,37,37,2.88,47,5218.0,Health Canada,Santé Canada,4,Workplace,Milieu de travail,10,Organizational performance,Rendement organisationnel
6,0,0,0,0,2019,,Health Canada,Santé Canada,,Q18b,Question 18b. I feel that the quality of my work suffers because of... too many approval stages.,Question 18b. J'estime que la qualité de mon travail est minée parce que... il y a un trop grand nombre d'étapes d'approbation.,18,25,29,16,9,2,2,26,30,44,44,2.72,43,5410.0,Health Canada,Santé Canada,4,Workplace,Milieu de travail,10,Organizational performance,Rendement organisationnel
6,0,0,0,0,2018,,Health Canada,Santé Canada,,Q18b,Question 18b. I feel that the quality of my work suffers because of... too many approval stages.,Question 18b. J'estime que la qualité de mon travail est minée parce que... il y a un trop grand nombre d'étapes d'approbation.,19,25,29,15,8,2,3,25,30,46,46,2.68,42,4357.0,Health Canada,Santé Canada,4,Workplace,Milieu de travail,10,Organizational performance,Rendement organisationnel
6,0,0,0,0,2022,,Health Canada,Santé Canada,,Q18c,Question 18c. I feel that the quality of my work suffers because of... unreasonable deadlines.,Question 18c. J'estime que la qualité de mon travail est minée parce que... les échéanciers sont déraisonnables.,10,16,32,25,15,0,2,41,33,27,27,3.2,55,5555.0,Health Canada,Santé Canada,4,Workplace,Milieu de travail,10,Organizational performance,Rendement organisationnel
6,0,0,0,0,2020,,Health Canada,Santé Canada,,Q18c,Question 18c. I feel that the quality of my work suffers because of... unreasonable deadlines.,Question 18c. J'estime que la qualité de mon travail est minée parce que... les échéanciers sont déraisonnables.,9,17,33,25,13,1,1,39,34,27,27,3.16,54,5206.0,Health Canada,Santé Canada,4,Workplace,Milieu de travail,10,Organizational performance,Rendement organisationnel
6,0,0,0,0,2019,,Health Canada,Santé Canada,,Q18c,Question 18c. I feel that the quality of my work suffers because of... unreasonable deadlines.,Question 18c. J'estime que la qualité de mon travail est minée parce que... les échéanciers sont déraisonnables.,8,16,33,25,15,1,2,41,34,25,25,3.22,56,5395.0,Health Canada,Santé Canada,4,Workplace,Milieu de travail,10,Organizational performance,Rendement organisationnel
6,0,0,0,0,2018,,Health Canada,Santé Canada,,Q18c,Question 18c. I feel that the quality of my work suffers because of... unreasonable deadlines.,Question 18c. J'estime que la qualité de mon travail est minée parce que... les échéanciers sont déraisonnables.,10,18,32,24,13,1,2,39,33,28,28,3.14,53,4342.0,Health Canada,Santé Canada,4,Workplace,Milieu de travail,10,Organizational performance,Rendement organisationnel
6,0,0,0,0,2022,,Health Canada,Santé Canada,,Q18d,"Question 18d. I feel that the quality of my work suffers because of... having to do the same or more work, but with fewer resources.","Question 18d. J'estime que la qualité de mon travail est minée parce que... je dois faire le même travail, ou en faire plus, avec moins de ressources.",15,20,26,19,15,1,4,36,27,37,37,2.99,50,5555.0,Health Canada,Santé Canada,4,Workplace,Milieu de travail,10,Organizational performance,Rendement organisationnel
6,0,0,0,0,2020,,Health Canada,Santé Canada,,Q18d,"Question 18d. I feel that the quality of my work suffers because of... having to do the same or more work, but with fewer resources.","Question 18d. J'estime que la qualité de mon travail est minée parce que... je dois faire le même travail, ou en faire plus, avec moins de ressources.",12,20,29,23,13,1,2,37,30,33,33,3.06,51,5226.0,Health Canada,Santé Canada,4,Workplace,Milieu de travail,10,Organizational performance,Rendement organisationnel
6,0,0,0,0,2019,,Health Canada,Santé Canada,,Q18d,"Question 18d. I feel that the quality of my work suffers because of... having to do the same or more work, but with fewer resources.","Question 18d. J'estime que la qualité de mon travail est minée parce que... je dois faire le même travail, ou en faire plus, avec moins de ressources.",13,21,27,21,14,1,3,36,29,35,35,3.03,51,5416.0,Health Canada,Santé Canada,4,Workplace,Milieu de travail,10,Organizational performance,Rendement organisationnel
6,0,0,0,0,2018,,Health Canada,Santé Canada,,Q18d,"Question 18d. I feel that the quality of my work suffers because of... having to do the same or more work, but with fewer resources.","Question 18d. J'estime que la qualité de mon travail est minée parce que... je dois faire le même travail, ou en faire plus, avec moins de ressources.",15,23,28,19,11,2,3,31,30,39,39,2.88,47,4362.0,Health Canada,Santé Canada,4,Workplace,Milieu de travail,10,Organizational performance,Rendement organisationnel
6,0,0,0,0,2022,,Health Canada,Santé Canada,,Q18e,Question 18e. I feel that the quality of my work suffers because of... high staff turnover.,Question 18e. J'estime que la qualité de mon travail est minée parce que... le taux de roulement du personnel est élevé.,10,16,26,23,16,3,5,43,28,29,29,3.2,55,5560.0,Health Canada,Santé Canada,4,Workplace,Milieu de travail,10,Organizational performance,Rendement organisationnel
6,0,0,0,0,2020,,Health Canada,Santé Canada,,Q18e,Question 18e. I feel that the quality of my work suffers because of... high staff turnover.,Question 18e. J'estime que la qualité de mon travail est minée parce que... le taux de roulement du personnel est élevé.,8,15,27,27,18,3,3,47,29,24,24,3.34,59,5196.0,Health Canada,Santé Canada,4,Workplace,Milieu de travail,10,Organizational performance,Rendement organisationnel
6,0,0,0,0,2019,,Health Canada,Santé Canada,,Q18e,Question 18e. I feel that the quality of my work suffers because of... high staff turnover.,Question 18e. J'estime que la qualité de mon travail est minée parce que... le taux de roulement du personnel est élevé.,10,17,28,24,16,3,3,42,30,28,28,3.2,55,5405.0,Health Canada,Santé Canada,4,Workplace,Milieu de travail,10,Organizational performance,Rendement organisationnel
6,0,0,0,0,2018,,Health Canada,Santé Canada,,Q18e,Question 18e. I feel that the quality of my work suffers because of... high staff turnover.,Question 18e. J'estime que la qualité de mon travail est minée parce que... le taux de roulement du personnel est élevé.,11,18,26,24,14,4,4,41,29,31,31,3.14,54,4353.0,Health Canada,Santé Canada,4,Workplace,Milieu de travail,10,Organizational performance,Rendement organisationnel
6,0,0,0,0,2022,,Health Canada,Santé Canada,,Q18f,Question 18f. I feel that the quality of my work suffers because of... overly complicated or unnecessary business processes.,Question 18f. J'estime que la qualité de mon travail est minée parce que... les processus opérationnels sont trop compliqués ou inutiles.,13,21,31,17,11,2,3,30,33,37,37,2.91,48,5560.0,Health Canada,Santé Canada,4,Workplace,Milieu de travail,10,Organizational performance,Rendement organisationnel
6,0,0,0,0,2020,,Health Canada,Santé Canada,,Q18f,Question 18f. I feel that the quality of my work suffers because of... overly complicated or unnecessary business processes.,Question 18f. J'estime que la qualité de mon travail est minée parce que... les processus opérationnels sont trop compliqués ou inutiles.,11,20,33,21,11,2,2,34,34,32,32,3.03,51,5206.0,Health Canada,Santé Canada,4,Workplace,Milieu de travail,10,Organizational performance,Rendement organisationnel
6,0,0,0,0,2019,,Health Canada,Santé Canada,,Q18f,Question 18f. I feel that the quality of my work suffers because of... overly complicated or unnecessary business processes.,Question 18f. J'estime que la qualité de mon travail est minée parce que... les processus opérationnels sont trop compliqués ou inutiles.,14,22,32,18,10,2,2,29,33,37,37,2.88,47,5406.0,Health Canada,Santé Canada,4,Workplace,Milieu de travail,10,Organizational performance,Rendement organisationnel
6,0,0,0,0,2018,,Health Canada,Santé Canada,,Q18f,Question 18f. I feel that the quality of my work suffers because of... overly complicated or unnecessary business processes.,Question 18f. J'estime que la qualité de mon travail est minée parce que... les processus opérationnels sont trop compliqués ou inutiles.,15,22,32,16,9,3,3,27,34,40,40,2.81,45,4370.0,Health Canada,Santé Canada,4,Workplace,Milieu de travail,10,Organizational performance,Rendement organisationnel
6,0,0,0,0,2022,,Health Canada,Santé Canada,,Q18g,Question 18g. I feel that the quality of my work suffers because of... unreliable technology.,Question 18g. J'estime que la qualité de mon travail est minée parce que... les technologies sont peu fiables.,6,14,35,27,14,0,3,42,37,21,21,3.3,58,5565.0,Health Canada,Santé Canada,4,Workplace,Milieu de travail,10,Organizational performance,Rendement organisationnel
6,0,0,0,0,2020,,Health Canada,Santé Canada,,Q18g,Question 18g. I feel that the quality of my work suffers because of... unreliable technology.,Question 18g. J'estime que la qualité de mon travail est minée parce que... les technologies sont peu fiables.,5,14,39,29,12,1,1,42,39,19,19,3.3,57,5226.0,Health Canada,Santé Canada,4,Workplace,Milieu de travail,10,Organizational performance,Rendement organisationnel
6,0,0,0,0,2019,,Health Canada,Santé Canada,,Q18g,Question 18g. I feel that the quality of my work suffers because of... unreliable technology.,Question 18g. J'estime que la qualité de mon travail est minée parce que... les technologies sont peu fiables.,8,19,36,23,12,1,2,35,37,28,28,3.11,53,5418.0,Health Canada,Santé Canada,4,Workplace,Milieu de travail,10,Organizational performance,Rendement organisationnel
6,0,0,0,0,2022,,Health Canada,Santé Canada,,Q19,Question 19. I am satisfied with how interpersonal issues are resolved in my work unit.,Question 19. Je suis satisfait(e) de la manière dont les problèmes interpersonnels sont réglés dans mon unité de travail.,29,28,15,7,5,9,7,68,18,14,68,3.83,71,5570.0,Health Canada,Santé Canada,4,Workplace,Milieu de travail,13,Ethical workplace,Milieu de travail éthique
6,0,0,0,0,2020,,Health Canada,Santé Canada,,Q19,Question 19. I am satisfied with how interpersonal issues are resolved in my work unit.,Question 19. Je suis satisfait(e) de la manière dont les problèmes interpersonnels sont réglés dans mon unité de travail.,29,30,17,7,4,8,6,68,19,13,68,3.84,71,5229.0,Health Canada,Santé Canada,4,Workplace,Milieu de travail,13,Ethical workplace,Milieu de travail éthique
6,0,0,0,0,2019,,Health Canada,Santé Canada,,Q19,Question 19. I am satisfied with how interpersonal issues are resolved in my work unit.,Question 19. Je suis satisfait(e) de la manière dont les problèmes interpersonnels sont réglés dans mon unité de travail.,31,28,15,9,6,5,4,66,17,17,66,3.77,69,5419.0,Health Canada,Santé Canada,4,Workplace,Milieu de travail,13,Ethical workplace,Milieu de travail éthique
6,0,0,0,0,2018,,Health Canada,Santé Canada,,Q19,Question 19. I am satisfied with how interpersonal issues are resolved in my work unit.,Question 19. Je suis satisfait(e) de la manière dont les problèmes interpersonnels sont réglés dans mon unité de travail.,25,30,17,9,6,7,5,63,19,18,63,3.67,67,4370.0,Health Canada,Santé Canada,4,Workplace,Milieu de travail,13,Ethical workplace,Milieu de travail éthique
6,0,0,0,0,2022,,Health Canada,Santé Canada,,Q20,"Question 20. In my work unit, every individual is accepted as an equal member of the team.","Question 20. Dans mon unité de travail, chaque personne est acceptée comme membre à part entière de l'équipe.",54,27,7,7,4,1,0,82,7,11,82,4.22,81,5570.0,Health Canada,Santé Canada,4,Workplace,Milieu de travail,11,Diversity and inclusion,Diversité et inclusion
6,0,0,0,0,2020,,Health Canada,Santé Canada,,Q20,"Question 20. In my work unit, every individual is accepted as an equal member of the team.","Question 20. Dans mon unité de travail, chaque personne est acceptée comme membre à part entière de l'équipe.",52,28,8,7,4,1,0,81,8,11,81,4.19,80,5220.0,Health Canada,Santé Canada,4,Workplace,Milieu de travail,11,Diversity and inclusion,Diversité et inclusion
6,0,0,0,0,2019,,Health Canada,Santé Canada,,Q20,"Question 20. In my work unit, every individual is accepted as an equal member of the team.","Question 20. Dans mon unité de travail, chaque personne est acceptée comme membre à part entière de l'équipe.",49,28,8,9,5,1,0,77,8,15,77,4.06,76,5417.0,Health Canada,Santé Canada,4,Workplace,Milieu de travail,11,Diversity and inclusion,Diversité et inclusion
6,0,0,0,0,2018,,Health Canada,Santé Canada,,Q20,"Question 20. In my work unit, every individual is accepted as an equal member of the team.","Question 20. Dans mon unité de travail, chaque personne est acceptée comme membre à part entière de l'équipe.",45,30,8,9,6,1,0,76,8,16,76,4,75,4362.0,Health Canada,Santé Canada,4,Workplace,Milieu de travail,11,Diversity and inclusion,Diversité et inclusion
6,0,0,0,0,2022,,Health Canada,Santé Canada,,Q21,"Question 21. In my work unit, individuals behave in a respectful manner.","Question 21. Dans mon unité de travail, les gens se comportent de manière respectueuse.",62,26,5,4,2,0,0,89,5,6,89,4.43,86,5570.0,Health Canada,Santé Canada,4,Workplace,Milieu de travail,11,Diversity and inclusion,Diversité et inclusion
6,0,0,0,0,2020,,Health Canada,Santé Canada,,Q21,"Question 21. In my work unit, individuals behave in a respectful manner.","Question 21. Dans mon unité de travail, les gens se comportent de manière respectueuse.",60,29,5,4,2,0,0,89,5,6,89,4.42,86,5203.0,Health Canada,Santé Canada,4,Workplace,Milieu de travail,11,Diversity and inclusion,Diversité et inclusion
6,0,0,0,0,2019,,Health Canada,Santé Canada,,Q21,"Question 21. In my work unit, individuals behave in a respectful manner.","Question 21. Dans mon unité de travail, les gens se comportent de manière respectueuse.",54,30,6,6,3,0,0,85,6,9,85,4.26,82,5411.0,Health Canada,Santé Canada,4,Workplace,Milieu de travail,11,Diversity and inclusion,Diversité et inclusion
6,0,0,0,0,2018,,Health Canada,Santé Canada,,Q21,"Question 21. In my work unit, individuals behave in a respectful manner.","Question 21. Dans mon unité de travail, les gens se comportent de manière respectueuse.",52,32,7,6,3,0,0,84,7,9,84,4.25,81,4363.0,Health Canada,Santé Canada,4,Workplace,Milieu de travail,11,Diversity and inclusion,Diversité et inclusion
6,0,0,0,0,2022,,Health Canada,Santé Canada,,Q22,Question 22. The people I work with value my ideas and opinions.,Question 22. Les personnes avec lesquelles je travaille valorisent mes idées et mes opinions.,52,32,8,4,2,1,0,86,8,6,86,4.3,83,5570.0,Health Canada,Santé Canada,4,Workplace,Milieu de travail,11,Diversity and inclusion,Diversité et inclusion
6,0,0,0,0,2020,,Health Canada,Santé Canada,,Q22,Question 22. The people I work with value my ideas and opinions.,Question 22. Les personnes avec lesquelles je travaille valorisent mes idées et mes opinions.,51,33,9,4,2,1,0,85,9,6,85,4.3,82,5186.0,Health Canada,Santé Canada,4,Workplace,Milieu de travail,11,Diversity and inclusion,Diversité et inclusion
6,0,0,0,0,2019,,Health Canada,Santé Canada,,Q22,Question 22. The people I work with value my ideas and opinions.,Question 22. Les personnes avec lesquelles je travaille valorisent mes idées et mes opinions.,47,35,10,5,2,1,0,83,10,7,83,4.22,80,5420.0,Health Canada,Santé Canada,4,Workplace,Milieu de travail,11,Diversity and inclusion,Diversité et inclusion
6,0,0,0,0,2018,,Health Canada,Santé Canada,,Q22,Question 22. The people I work with value my ideas and opinions.,Question 22. Les personnes avec lesquelles je travaille valorisent mes idées et mes opinions.,44,37,10,5,3,1,0,82,10,7,82,4.17,79,4366.0,Health Canada,Santé Canada,4,Workplace,Milieu de travail,11,Diversity and inclusion,Diversité et inclusion
6,0,0,0,0,2022,,Health Canada,Santé Canada,,Q23,"Question 23. In my work unit, I would feel safe to speak about racism in the workplace without fear of reprisal or negative impact on my career.","Question 23. Dans mon unité de travail, je me sentirais à laise de parler de racisme en milieu de travail sans crainte de représailles ou dimpact négatif sur ma carrière.",42,26,10,5,5,7,5,78,11,11,78,4.09,77,5570.0,Health Canada,Santé Canada,4,Workplace,Milieu de travail,12,Anti-racism,Anti-racisme
6,0,0,0,0,2022,,Health Canada,Santé Canada,,Q24,"Question 24. In my work unit, I would feel safe to speak about racism in the workplace without negative impact on my mental health.","Question 24. Dans mon unité de travail, je me sentirais à laise de parler de racisme en milieu de travail sans impact négatif sur ma santé mentale.",40,26,10,6,4,8,5,76,12,12,76,4.06,77,5570.0,Health Canada,Santé Canada,4,Workplace,Milieu de travail,12,Anti-racism,Anti-racisme
6,0,0,0,0,2022,,Health Canada,Santé Canada,,Q25,Question 25. My immediate supervisor encourages me to work collaboratively with others outside of my work unit.,Question 25. Mon (ma) superviseur(e) immédiat(e) m'encourage à travailler en collaboration avec d'autres personnes à l'extérieur de mon unité de travail.,51,26,12,4,2,1,4,81,13,7,81,4.25,81,5570.0,Health Canada,Santé Canada,2,Leadership,Leadership,2,Immediate supervisor,Superviseur immédiat
6,0,0,0,0,2020,,Health Canada,Santé Canada,,Q25,Question 25. My immediate supervisor encourages me to work collaboratively with others outside of my work unit.,Question 25. Mon (ma) superviseur(e) immédiat(e) m'encourage à travailler en collaboration avec d'autres personnes à l'extérieur de mon unité de travail.,53,25,12,4,2,1,3,81,13,6,81,4.29,82,5222.0,Health Canada,Santé Canada,2,Leadership,Leadership,2,Immediate supervisor,Superviseur immédiat
6,0,0,0,0,2019,,Health Canada,Santé Canada,,Q25,Question 25. My immediate supervisor encourages me to work collaboratively with others outside of my work unit.,Question 25. Mon (ma) superviseur(e) immédiat(e) m'encourage à travailler en collaboration avec d'autres personnes à l'extérieur de mon unité de travail.,51,26,12,4,3,1,3,80,13,8,80,4.22,81,5427.0,Health Canada,Santé Canada,2,Leadership,Leadership,2,Immediate supervisor,Superviseur immédiat
6,0,0,0,0,2022,,Health Canada,Santé Canada,,Q26,Question 26. I receive useful feedback from my immediate supervisor on my job performance.,Question 26. Je reçois de la rétroaction utile de mon (ma) superviseur(e) immédiat(e) sur mon rendement au travail.,49,30,9,6,4,0,0,80,9,11,80,4.14,79,5575.0,Health Canada,Santé Canada,3,Workforce,Effectif,4,Performance management,Gestion du rendement
6,0,0,0,0,2020,,Health Canada,Santé Canada,,Q26,Question 26. I receive useful feedback from my immediate supervisor on my job performance.,Question 26. Je reçois de la rétroaction utile de mon (ma) superviseur(e) immédiat(e) sur mon rendement au travail.,50,31,10,6,3,0,0,81,10,10,81,4.18,79,5219.0,Health Canada,Santé Canada,3,Workforce,Effectif,4,Performance management,Gestion du rendement
6,0,0,0,0,2019,,Health Canada,Santé Canada,,Q26,Question 26. I receive useful feedback from my immediate supervisor on my job performance.,Question 26. Je reçois de la rétroaction utile de mon (ma) superviseur(e) immédiat(e) sur mon rendement au travail.,46,31,10,7,4,1,0,78,10,11,78,4.09,77,5424.0,Health Canada,Santé Canada,3,Workforce,Effectif,4,Performance management,Gestion du rendement
6,0,0,0,0,2018,,Health Canada,Santé Canada,,Q26,Question 26. I receive useful feedback from my immediate supervisor on my job performance.,Question 26. Je reçois de la rétroaction utile de mon (ma) superviseur(e) immédiat(e) sur mon rendement au travail.,43,34,11,8,4,1,1,78,11,12,78,4.05,76,4351.0,Health Canada,Santé Canada,3,Workforce,Effectif,4,Performance management,Gestion du rendement
6,0,0,0,0,2022,,Health Canada,Santé Canada,,Q27,Question 27. I feel that my immediate supervisor supports my career goals.,Question 27. J'estime que mon (ma) superviseur(e) immédiat(e) soutient mes aspirations professionnelles.,55,23,11,4,4,2,1,80,11,9,80,4.24,81,5575.0,Health Canada,Santé Canada,3,Workforce,Effectif,5,Job fit and development,Compatibilité entre la personne et l'emploi et perfectionnement
6,0,0,0,0,2020,,Health Canada,Santé Canada,,Q27,Question 27. I feel that my immediate supervisor supports my career goals.,Question 27. J'estime que mon (ma) superviseur(e) immédiat(e) soutient mes aspirations professionnelles.,54,24,10,5,4,1,1,80,11,9,80,4.23,81,5214.0,Health Canada,Santé Canada,3,Workforce,Effectif,5,Job fit and development,Compatibilité entre la personne et l'emploi et perfectionnement
6,0,0,0,0,2022,,Health Canada,Santé Canada,,Q28,Question 28. My immediate supervisor keeps me informed about the issues affecting my work.,Question 28. Mon (ma) superviseur(e) immédiat(e) me tient au courant des questions touchant mon travail.,53,28,8,6,3,1,1,82,9,9,82,4.23,81,5565.0,Health Canada,Santé Canada,2,Leadership,Leadership,2,Immediate supervisor,Superviseur immédiat
6,0,0,0,0,2020,,Health Canada,Santé Canada,,Q28,Question 28. My immediate supervisor keeps me informed about the issues affecting my work.,Question 28. Mon (ma) superviseur(e) immédiat(e) me tient au courant des questions touchant mon travail.,53,29,9,6,3,0,0,82,9,9,82,4.23,81,5229.0,Health Canada,Santé Canada,2,Leadership,Leadership,2,Immediate supervisor,Superviseur immédiat
6,0,0,0,0,2019,,Health Canada,Santé Canada,,Q28,Question 28. My immediate supervisor keeps me informed about the issues affecting my work.,Question 28. Mon (ma) superviseur(e) immédiat(e) me tient au courant des questions touchant mon travail.,50,29,9,7,4,1,1,79,9,11,79,4.14,79,5410.0,Health Canada,Santé Canada,2,Leadership,Leadership,2,Immediate supervisor,Superviseur immédiat
6,0,0,0,0,2018,,Health Canada,Santé Canada,,Q28,Question 28. My immediate supervisor keeps me informed about the issues affecting my work.,Question 28. Mon (ma) superviseur(e) immédiat(e) me tient au courant des questions touchant mon travail.,48,31,9,7,4,1,0,80,9,11,80,4.13,78,4329.0,Health Canada,Santé Canada,2,Leadership,Leadership,2,Immediate supervisor,Superviseur immédiat
6,0,0,0,0,2022,,Health Canada,Santé Canada,,Q29,"Question 29. My immediate supervisor supports the use of flexible work hours (e.g., varying the start and end times of the workday).",Question 29. Mon (ma) superviseur(e) immédiat(e) est en faveur dun horaire flexible (p. ex. varier les heures de début et de fin de la journée de travail).,69,20,4,3,2,1,1,91,4,5,91,4.55,89,5575.0,Health Canada,Santé Canada,3,Workforce,Effectif,7,Work-life balance and workload,Équilibre travail-vie privée et charge de travail
6,0,0,0,0,2022,,Health Canada,Santé Canada,,Q30,Question 30. I am satisfied with the quality of supervision I receive.,Question 30. Je suis satisfait(e) de la qualité de la supervision qui est exercée à mon égard.,59,23,8,5,4,0,0,83,8,9,83,4.3,83,5575.0,Health Canada,Santé Canada,2,Leadership,Leadership,2,Immediate supervisor,Superviseur immédiat
6,0,0,0,0,2020,,Health Canada,Santé Canada,,Q30,Question 30. I am satisfied with the quality of supervision I receive.,Question 30. Je suis satisfait(e) de la qualité de la supervision qui est exercée à mon égard.,60,24,8,5,3,0,0,85,8,7,85,4.35,84,5240.0,Health Canada,Santé Canada,2,Leadership,Leadership,2,Immediate supervisor,Superviseur immédiat
6,0,0,0,0,2019,,Health Canada,Santé Canada,,Q30,Question 30. I am satisfied with the quality of supervision I receive.,Question 30. Je suis satisfait(e) de la qualité de la supervision qui est exercée à mon égard.,56,26,8,6,4,0,0,82,8,10,82,4.25,81,5431.0,Health Canada,Santé Canada,2,Leadership,Leadership,2,Immediate supervisor,Superviseur immédiat
6,0,0,0,0,2018,,Health Canada,Santé Canada,,Q30,Question 30. I am satisfied with the quality of supervision I receive.,Question 30. Je suis satisfait(e) de la qualité de la supervision qui est exercée à mon égard.,52,27,10,6,5,0,0,79,10,11,79,4.16,79,4354.0,Health Canada,Santé Canada,2,Leadership,Leadership,2,Immediate supervisor,Superviseur immédiat
6,0,0,0,0,2022,,Health Canada,Santé Canada,,Q31,"Question 31. When I communicate with my immediate supervisor, I feel free to use the official language of my choice.","Question 31. Lorsque je communique avec mon (ma) superviseur(e) immédiat(e), je me sens libre de le faire dans la langue officielle de mon choix.",84,9,2,2,1,0,2,94,2,3,94,4.76,94,5575.0,Health Canada,Santé Canada,4,Workplace,Milieu de travail,15,Use of official languages,Utilisation des langues officielles
6,0,0,0,0,2019,,Health Canada,Santé Canada,,Q31,"Question 31. When I communicate with my immediate supervisor, I feel free to use the official language of my choice.","Question 31. Lorsque je communique avec mon (ma) superviseur(e) immédiat(e), je me sens libre de le faire dans la langue officielle de mon choix.",81,10,4,2,1,0,2,93,4,3,93,4.71,93,5396.0,Health Canada,Santé Canada,4,Workplace,Milieu de travail,15,Use of official languages,Utilisation des langues officielles
6,0,0,0,0,2022,,Health Canada,Santé Canada,,Q32,Question 32. Senior managers in my department or agency lead by example in ethical behaviour.,Question 32. Les cadres supérieurs de mon ministère ou organisme montrent l'exemple par leur comportement éthique.,36,28,15,7,6,8,0,70,16,14,70,3.89,72,5575.0,Health Canada,Santé Canada,2,Leadership,Leadership,3,Senior management,Haute direction
6,0,0,0,0,2020,,Health Canada,Santé Canada,,Q32,Question 32. Senior managers in my department or agency lead by example in ethical behaviour.,Question 32. Les cadres supérieurs de mon ministère ou organisme montrent l'exemple par leur comportement éthique.,42,30,12,5,3,8,0,78,13,9,78,4.12,78,5237.0,Health Canada,Santé Canada,2,Leadership,Leadership,3,Senior management,Haute direction
6,0,0,0,0,2019,,Health Canada,Santé Canada,,Q32,Question 32. Senior managers in my department or agency lead by example in ethical behaviour.,Question 32. Les cadres supérieurs de mon ministère ou organisme montrent l'exemple par leur comportement éthique.,34,32,14,8,4,7,0,71,15,13,71,3.9,72,5423.0,Health Canada,Santé Canada,2,Leadership,Leadership,3,Senior management,Haute direction
6,0,0,0,0,2018,,Health Canada,Santé Canada,,Q32,Question 32. Senior managers in my department or agency lead by example in ethical behaviour.,Question 32. Les cadres supérieurs de mon ministère ou organisme montrent l'exemple par leur comportement éthique.,32,30,16,8,5,9,0,68,17,15,68,3.82,71,4382.0,Health Canada,Santé Canada,2,Leadership,Leadership,3,Senior management,Haute direction
6,0,0,0,0,2022,,Health Canada,Santé Canada,,Q33,Question 33. I have confidence in the senior management of my department or agency.,Question 33. J'ai confiance en la haute direction de mon ministère ou organisme.,29,30,16,11,10,3,0,61,17,22,61,3.59,65,5570.0,Health Canada,Santé Canada,2,Leadership,Leadership,3,Senior management,Haute direction
6,0,0,0,0,2020,,Health Canada,Santé Canada,,Q33,Question 33. I have confidence in the senior management of my department or agency.,Question 33. J'ai confiance en la haute direction de mon ministère ou organisme.,38,34,14,7,4,3,0,74,14,12,74,3.97,74,5222.0,Health Canada,Santé Canada,2,Leadership,Leadership,3,Senior management,Haute direction
6,0,0,0,0,2019,,Health Canada,Santé Canada,,Q33,Question 33. I have confidence in the senior management of my department or agency.,Question 33. J'ai confiance en la haute direction de mon ministère ou organisme.,30,34,17,11,6,3,0,66,17,17,66,3.75,69,5407.0,Health Canada,Santé Canada,2,Leadership,Leadership,3,Senior management,Haute direction
6,0,0,0,0,2018,,Health Canada,Santé Canada,,Q33,Question 33. I have confidence in the senior management of my department or agency.,Question 33. J'ai confiance en la haute direction de mon ministère ou organisme.,28,32,17,12,7,3,0,63,17,20,63,3.65,66,4370.0,Health Canada,Santé Canada,2,Leadership,Leadership,3,Senior management,Haute direction
6,0,0,0,0,2022,,Health Canada,Santé Canada,,Q34,Question 34. Senior management in my department or agency makes effective and timely decisions.,Question 34. La haute direction de mon ministère ou organisme prend des décisions efficaces et opportunes.,21,28,18,16,11,6,0,52,20,29,52,3.33,58,5575.0,Health Canada,Santé Canada,2,Leadership,Leadership,3,Senior management,Haute direction
6,0,0,0,0,2020,,Health Canada,Santé Canada,,Q34,Question 34. Senior management in my department or agency makes effective and timely decisions.,Question 34. La haute direction de mon ministère ou organisme prend des décisions efficaces et opportunes.,27,35,17,11,5,5,0,65,18,17,65,3.7,68,5220.0,Health Canada,Santé Canada,2,Leadership,Leadership,3,Senior management,Haute direction
6,0,0,0,0,2019,,Health Canada,Santé Canada,,Q34,Question 34. Senior management in my department or agency makes effective and timely decisions.,Question 34. La haute direction de mon ministère ou organisme prend des décisions efficaces et opportunes.,22,31,20,14,7,6,0,56,21,23,56,3.5,62,5404.0,Health Canada,Santé Canada,2,Leadership,Leadership,3,Senior management,Haute direction
6,0,0,0,0,2018,,Health Canada,Santé Canada,,Q34,Question 34. Senior management in my department or agency makes effective and timely decisions.,Question 34. La haute direction de mon ministère ou organisme prend des décisions efficaces et opportunes.,20,30,20,15,8,7,1,54,21,25,54,3.42,60,4366.0,Health Canada,Santé Canada,2,Leadership,Leadership,3,Senior management,Haute direction
6,0,0,0,0,2022,,Health Canada,Santé Canada,,Q35,Question 35. Essential information flows effectively from senior management to staff.,Question 35. La haute direction communique efficacement les renseignements essentiels au personnel.,21,31,16,16,12,3,0,54,17,30,54,3.32,58,5575.0,Health Canada,Santé Canada,2,Leadership,Leadership,3,Senior management,Haute direction
6,0,0,0,0,2020,,Health Canada,Santé Canada,,Q35,Question 35. Essential information flows effectively from senior management to staff.,Question 35. La haute direction communique efficacement les renseignements essentiels au personnel.,25,37,16,13,6,2,0,64,16,19,64,3.64,66,5237.0,Health Canada,Santé Canada,2,Leadership,Leadership,3,Senior management,Haute direction
6,0,0,0,0,2019,,Health Canada,Santé Canada,,Q35,Question 35. Essential information flows effectively from senior management to staff.,Question 35. La haute direction communique efficacement les renseignements essentiels au personnel.,20,32,18,17,9,3,0,54,19,27,54,3.39,60,5416.0,Health Canada,Santé Canada,2,Leadership,Leadership,3,Senior management,Haute direction
6,0,0,0,0,2018,,Health Canada,Santé Canada,,Q35,Question 35. Essential information flows effectively from senior management to staff.,Question 35. La haute direction communique efficacement les renseignements essentiels au personnel.,18,31,17,19,10,4,0,52,18,30,52,3.3,58,4378.0,Health Canada,Santé Canada,2,Leadership,Leadership,3,Senior management,Haute direction
6,0,0,0,0,2022,,Health Canada,Santé Canada,,Q36,Question 36. Senior managers in my department or agency use both official languages in their interactions with employees.,Question 36. Les cadres supérieurs de mon ministère ou organisme utilisent les deux langues officielles dans leurs interactions avec les employé(e)s.,45,28,14,4,1,5,1,79,15,6,79,4.2,80,5575.0,Health Canada,Santé Canada,4,Workplace,Milieu de travail,15,Use of official languages,Utilisation des langues officielles
6,0,0,0,0,2020,,Health Canada,Santé Canada,,Q36,Question 36. Senior managers in my department or agency use both official languages in their interactions with employees.,Question 36. Les cadres supérieurs de mon ministère ou organisme utilisent les deux langues officielles dans leurs interactions avec les employé(e)s.,48,27,13,4,2,4,1,80,14,6,80,4.23,81,5233.0,Health Canada,Santé Canada,4,Workplace,Milieu de travail,15,Use of official languages,Utilisation des langues officielles
6,0,0,0,0,2019,,Health Canada,Santé Canada,,Q36,Question 36. Senior managers in my department or agency use both official languages in their interactions with employees.,Question 36. Les cadres supérieurs de mon ministère ou organisme utilisent les deux langues officielles dans leurs interactions avec les employé(e)s.,47,26,13,4,2,6,1,79,14,7,79,4.21,80,5435.0,Health Canada,Santé Canada,4,Workplace,Milieu de travail,15,Use of official languages,Utilisation des langues officielles
6,0,0,0,0,2022,,Health Canada,Santé Canada,,Q37,"Question 37. My department or agency does a good job of communicating its vision, mission and goals.","Question 37. Mon ministère ou organisme communique efficacement sa vision, sa mission et ses objectifs.",25,42,17,9,5,2,0,69,17,14,69,3.76,69,5570.0,Health Canada,Santé Canada,4,Workplace,Milieu de travail,9,Organizational goals,Buts organisationnels
6,0,0,0,0,2020,,Health Canada,Santé Canada,,Q37,"Question 37. My department or agency does a good job of communicating its vision, mission and goals.","Question 37. Mon ministère ou organisme communique efficacement sa vision, sa mission et ses objectifs.",31,45,15,5,2,1,0,78,15,7,78,4,75,5235.0,Health Canada,Santé Canada,4,Workplace,Milieu de travail,9,Organizational goals,Buts organisationnels
6,0,0,0,0,2019,,Health Canada,Santé Canada,,Q37,"Question 37. My department or agency does a good job of communicating its vision, mission and goals.","Question 37. Mon ministère ou organisme communique efficacement sa vision, sa mission et ses objectifs.",28,43,17,8,2,2,0,72,17,11,72,3.88,72,5428.0,Health Canada,Santé Canada,4,Workplace,Milieu de travail,9,Organizational goals,Buts organisationnels
6,0,0,0,0,2018,,Health Canada,Santé Canada,,Q37,"Question 37. My department or agency does a good job of communicating its vision, mission and goals.","Question 37. Mon ministère ou organisme communique efficacement sa vision, sa mission et ses objectifs.",27,42,17,9,3,1,0,70,18,12,70,3.82,70,4363.0,Health Canada,Santé Canada,4,Workplace,Milieu de travail,9,Organizational goals,Buts organisationnels
6,0,0,0,0,2022,,Health Canada,Santé Canada,,Q38,Question 38. I feel that change is managed well in my department or agency.,Question 38. J'estime que le changement est bien géré au sein de mon ministère ou organisme.,16,30,20,19,13,3,0,47,20,33,47,3.18,55,5565.0,Health Canada,Santé Canada,4,Workplace,Milieu de travail,10,Organizational performance,Rendement organisationnel
6,0,0,0,0,2020,,Health Canada,Santé Canada,,Q38,Question 38. I feel that change is managed well in my department or agency.,Question 38. J'estime que le changement est bien géré au sein de mon ministère ou organisme.,21,39,20,12,4,3,0,62,21,17,62,3.62,66,5192.0,Health Canada,Santé Canada,4,Workplace,Milieu de travail,10,Organizational performance,Rendement organisationnel
6,0,0,0,0,2019,,Health Canada,Santé Canada,,Q38,Question 38. I feel that change is managed well in my department or agency.,Question 38. J'estime que le changement est bien géré au sein de mon ministère ou organisme.,16,35,22,17,6,4,0,53,23,24,53,3.39,60,5401.0,Health Canada,Santé Canada,4,Workplace,Milieu de travail,10,Organizational performance,Rendement organisationnel
6,0,0,0,0,2022,,Health Canada,Santé Canada,,Q39,"Question 39. If I am faced with an ethical dilemma or a conflict between values in the workplace, I know where I can go for help in resolving the situation.","Question 39. Si j'étais confronté(e) à un dilemme éthique ou à un conflit entre les valeurs du milieu de travail, je saurais où aller pour obtenir de l'aide afin de régler le problème.",28,37,14,10,5,4,1,69,15,16,69,3.78,70,5570.0,Health Canada,Santé Canada,4,Workplace,Milieu de travail,13,Ethical workplace,Milieu de travail éthique
6,0,0,0,0,2020,,Health Canada,Santé Canada,,Q39,"Question 39. If I am faced with an ethical dilemma or a conflict between values in the workplace, I know where I can go for help in resolving the situation.","Question 39. Si j'étais confronté(e) à un dilemme éthique ou à un conflit entre les valeurs du milieu de travail, je saurais où aller pour obtenir de l'aide afin de régler le problème.",32,38,14,8,4,3,1,74,14,12,74,3.92,73,5222.0,Health Canada,Santé Canada,4,Workplace,Milieu de travail,13,Ethical workplace,Milieu de travail éthique
6,0,0,0,0,2019,,Health Canada,Santé Canada,,Q39,"Question 39. If I am faced with an ethical dilemma or a conflict between values in the workplace, I know where I can go for help in resolving the situation.","Question 39. Si j'étais confronté(e) à un dilemme éthique ou à un conflit entre les valeurs du milieu de travail, je saurais où aller pour obtenir de l'aide afin de régler le problème.",31,36,15,10,4,3,1,71,15,14,71,3.85,71,5417.0,Health Canada,Santé Canada,4,Workplace,Milieu de travail,13,Ethical workplace,Milieu de travail éthique
6,0,0,0,0,2018,,Health Canada,Santé Canada,,Q39,"Question 39. If I am faced with an ethical dilemma or a conflict between values in the workplace, I know where I can go for help in resolving the situation.","Question 39. Si j'étais confronté(e) à un dilemme éthique ou à un conflit entre les valeurs du milieu de travail, je saurais où aller pour obtenir de l'aide afin de régler le problème.",31,38,13,9,4,3,2,73,14,14,73,3.86,72,4370.0,Health Canada,Santé Canada,4,Workplace,Milieu de travail,13,Ethical workplace,Milieu de travail éthique
6,0,0,0,0,2022,,Health Canada,Santé Canada,,Q40,Question 40. My department or agency does a good job of promoting values and ethics in the workplace.,Question 40. Mon ministère ou organisme fait un bon travail de promotion des valeurs et de l'éthique dans le milieu de travail.,32,38,18,6,4,2,0,72,18,10,72,3.9,73,5570.0,Health Canada,Santé Canada,4,Workplace,Milieu de travail,13,Ethical workplace,Milieu de travail éthique
6,0,0,0,0,2020,,Health Canada,Santé Canada,,Q40,Question 40. My department or agency does a good job of promoting values and ethics in the workplace.,Question 40. Mon ministère ou organisme fait un bon travail de promotion des valeurs et de l'éthique dans le milieu de travail.,36,38,17,4,2,2,0,75,18,7,75,4.03,76,5205.0,Health Canada,Santé Canada,4,Workplace,Milieu de travail,13,Ethical workplace,Milieu de travail éthique
6,0,0,0,0,2019,,Health Canada,Santé Canada,,Q40,Question 40. My department or agency does a good job of promoting values and ethics in the workplace.,Question 40. Mon ministère ou organisme fait un bon travail de promotion des valeurs et de l'éthique dans le milieu de travail.,31,38,19,7,3,2,0,70,19,10,70,3.89,72,5415.0,Health Canada,Santé Canada,4,Workplace,Milieu de travail,13,Ethical workplace,Milieu de travail éthique
6,0,0,0,0,2018,,Health Canada,Santé Canada,,Q40,Question 40. My department or agency does a good job of promoting values and ethics in the workplace.,Question 40. Mon ministère ou organisme fait un bon travail de promotion des valeurs et de l'éthique dans le milieu de travail.,32,39,18,6,4,2,0,72,18,10,72,3.9,73,4356.0,Health Canada,Santé Canada,4,Workplace,Milieu de travail,13,Ethical workplace,Milieu de travail éthique
6,0,0,0,0,2022,,Health Canada,Santé Canada,,Q41,"Question 41. I feel I can initiate a formal recourse process (e.g., grievance, complaint, appeal) without fear of reprisal.","Question 41. J'estime pouvoir amorcer un processus de recours officiel (p. ex. grief, plainte, droit d'appel) sans crainte de représailles.",19,23,19,12,11,13,3,50,22,28,50,3.31,58,5570.0,Health Canada,Santé Canada,4,Workplace,Milieu de travail,13,Ethical workplace,Milieu de travail éthique
6,0,0,0,0,2020,,Health Canada,Santé Canada,,Q41,"Question 41. I feel I can initiate a formal recourse process (e.g., grievance, complaint, appeal) without fear of reprisal.","Question 41. J'estime pouvoir amorcer un processus de recours officiel (p. ex. grief, plainte, droit d'appel) sans crainte de représailles.",22,23,20,12,9,11,3,53,23,24,53,3.43,61,5224.0,Health Canada,Santé Canada,4,Workplace,Milieu de travail,13,Ethical workplace,Milieu de travail éthique
6,0,0,0,0,2019,,Health Canada,Santé Canada,,Q41,"Question 41. I feel I can initiate a formal recourse process (e.g., grievance, complaint, appeal) without fear of reprisal.","Question 41. J'estime pouvoir amorcer un processus de recours officiel (p. ex. grief, plainte, droit d'appel) sans crainte de représailles.",17,22,21,14,12,11,3,46,24,30,46,3.22,55,5415.0,Health Canada,Santé Canada,4,Workplace,Milieu de travail,13,Ethical workplace,Milieu de travail éthique
6,0,0,0,0,2018,,Health Canada,Santé Canada,,Q41,"Question 41. I feel I can initiate a formal recourse process (e.g., grievance, complaint, appeal) without fear of reprisal.","Question 41. J'estime pouvoir amorcer un processus de recours officiel (p. ex. grief, plainte, droit d'appel) sans crainte de représailles.",17,22,19,14,13,11,3,46,23,31,46,3.2,55,4363.0,Health Canada,Santé Canada,4,Workplace,Milieu de travail,13,Ethical workplace,Milieu de travail éthique
6,0,0,0,0,2022,,Health Canada,Santé Canada,,Q42,Question 42. My department or agency does a good job of supporting employee career development.,Question 42. Mon ministère ou organisme met tout en uvre pour appuyer ses employé(e)s dans leur perfectionnement professionnel.,24,33,18,13,9,3,0,59,19,22,59,3.52,63,5575.0,Health Canada,Santé Canada,3,Workforce,Effectif,5,Job fit and development,Compatibilité entre la personne et l'emploi et perfectionnement
6,0,0,0,0,2020,,Health Canada,Santé Canada,,Q42,Question 42. My department or agency does a good job of supporting employee career development.,Question 42. Mon ministère ou organisme met tout en uvre pour appuyer ses employé(e)s dans leur perfectionnement professionnel.,26,35,18,11,7,3,0,63,19,18,63,3.64,66,5209.0,Health Canada,Santé Canada,3,Workforce,Effectif,5,Job fit and development,Compatibilité entre la personne et l'emploi et perfectionnement
6,0,0,0,0,2019,,Health Canada,Santé Canada,,Q42,Question 42. My department or agency does a good job of supporting employee career development.,Question 42. Mon ministère ou organisme met tout en uvre pour appuyer ses employé(e)s dans leur perfectionnement professionnel.,22,33,19,15,9,2,0,57,19,24,57,3.46,62,5419.0,Health Canada,Santé Canada,3,Workforce,Effectif,5,Job fit and development,Compatibilité entre la personne et l'emploi et perfectionnement
6,0,0,0,0,2018,,Health Canada,Santé Canada,,Q42,Question 42. My department or agency does a good job of supporting employee career development.,Question 42. Mon ministère ou organisme met tout en uvre pour appuyer ses employé(e)s dans leur perfectionnement professionnel.,22,32,18,14,10,3,0,56,18,25,56,3.44,61,4362.0,Health Canada,Santé Canada,3,Workforce,Effectif,5,Job fit and development,Compatibilité entre la personne et l'emploi et perfectionnement
6,0,0,0,0,2022,,Health Canada,Santé Canada,,Q43a,Question 43a. To what extent have the following adversely affected your career progress in the federal public service over the last 12 months? Conflict between my work obligations and my family or personal obligations,Question 43a. Dans quelle mesure estimez-vous que les éléments suivants ont nui à la progression de votre carrière au sein de la fonction publique fédérale au cours des 12 derniers mois? Conflit entre mes obligations professionnelles et mes obligations familiales ou personnelles,44,24,14,6,5,1,6,73,15,13,13,4.02,76,5575.0,Health Canada,Santé Canada,3,Workforce,Effectif,5,Job fit and development,Compatibilité entre la personne et l'emploi et perfectionnement
6,0,0,0,0,2020,,Health Canada,Santé Canada,,Q43a,Question 43a. To what extent have the following adversely affected your career progress in the federal public service over the last 12 months? Conflict between my work obligations and my family or personal obligations,Question 43a. Dans quelle mesure estimez-vous que les éléments suivants ont nui à la progression de votre carrière au sein de la fonction publique fédérale au cours des 12 derniers mois? Conflit entre mes obligations professionnelles et mes obligations familiales ou personnelles,46,24,14,7,5,1,4,73,15,12,12,4.04,76,5239.0,Health Canada,Santé Canada,3,Workforce,Effectif,5,Job fit and development,Compatibilité entre la personne et l'emploi et perfectionnement
6,0,0,0,0,2019,,Health Canada,Santé Canada,,Q43a,Question 43a. To what extent have the following adversely affected your career progress in the federal public service over the last 12 months? Conflict between my work obligations and my family or personal obligations,Question 43a. Dans quelle mesure estimez-vous que les éléments suivants ont nui à la progression de votre carrière au sein de la fonction publique fédérale au cours des 12 derniers mois? Conflit entre mes obligations professionnelles et mes obligations familiales ou personnelles,50,25,13,5,3,1,4,78,13,8,8,4.18,80,5420.0,Health Canada,Santé Canada,3,Workforce,Effectif,5,Job fit and development,Compatibilité entre la personne et l'emploi et perfectionnement
6,0,0,0,0,2022,,Health Canada,Santé Canada,,Q43b,Question 43b. To what extent have the following adversely affected your career progress in the federal public service over the last 12 months? Lack of access to learning opportunities,Question 43b. Dans quelle mesure estimez-vous que les éléments suivants ont nui à la progression de votre carrière au sein de la fonction publique fédérale au cours des 12 derniers mois? Manque d'accès à des possibilités de formation,46,25,14,6,5,2,4,74,14,11,11,4.07,77,5575.0,Health Canada,Santé Canada,3,Workforce,Effectif,5,Job fit and development,Compatibilité entre la personne et l'emploi et perfectionnement
6,0,0,0,0,2020,,Health Canada,Santé Canada,,Q43b,Question 43b. To what extent have the following adversely affected your career progress in the federal public service over the last 12 months? Lack of access to learning opportunities,Question 43b. Dans quelle mesure estimez-vous que les éléments suivants ont nui à la progression de votre carrière au sein de la fonction publique fédérale au cours des 12 derniers mois? Manque d'accès à des possibilités de formation,46,26,15,6,3,1,3,75,16,10,10,4.09,77,5232.0,Health Canada,Santé Canada,3,Workforce,Effectif,5,Job fit and development,Compatibilité entre la personne et l'emploi et perfectionnement
6,0,0,0,0,2019,,Health Canada,Santé Canada,,Q43b,Question 43b. To what extent have the following adversely affected your career progress in the federal public service over the last 12 months? Lack of access to learning opportunities,Question 43b. Dans quelle mesure estimez-vous que les éléments suivants ont nui à la progression de votre carrière au sein de la fonction publique fédérale au cours des 12 derniers mois? Manque d'accès à des possibilités de formation,44,26,16,6,4,1,3,73,17,11,11,4.03,76,5416.0,Health Canada,Santé Canada,3,Workforce,Effectif,5,Job fit and development,Compatibilité entre la personne et l'emploi et perfectionnement
6,0,0,0,0,2022,,Health Canada,Santé Canada,,Q43c,Question 43c. To what extent have the following adversely affected your career progress in the federal public service over the last 12 months? Discrimination,Question 43c. Dans quelle mesure estimez-vous que les éléments suivants ont nui à la progression de votre carrière au sein de la fonction publique fédérale au cours des 12 derniers mois? Discrimination,71,9,4,2,3,5,6,90,5,6,6,4.61,90,5575.0,Health Canada,Santé Canada,3,Workforce,Effectif,5,Job fit and development,Compatibilité entre la personne et l'emploi et perfectionnement
6,0,0,0,0,2020,,Health Canada,Santé Canada,,Q43c,Question 43c. To what extent have the following adversely affected your career progress in the federal public service over the last 12 months? Discrimination,Question 43c. Dans quelle mesure estimez-vous que les éléments suivants ont nui à la progression de votre carrière au sein de la fonction publique fédérale au cours des 12 derniers mois? Discrimination,74,9,4,2,2,4,4,90,5,5,5,4.64,91,5220.0,Health Canada,Santé Canada,3,Workforce,Effectif,5,Job fit and development,Compatibilité entre la personne et l'emploi et perfectionnement
6,0,0,0,0,2019,,Health Canada,Santé Canada,,Q43c,Question 43c. To what extent have the following adversely affected your career progress in the federal public service over the last 12 months? Discrimination,Question 43c. Dans quelle mesure estimez-vous que les éléments suivants ont nui à la progression de votre carrière au sein de la fonction publique fédérale au cours des 12 derniers mois? Discrimination,74,8,5,2,3,4,4,90,5,5,5,4.63,91,5406.0,Health Canada,Santé Canada,3,Workforce,Effectif,5,Job fit and development,Compatibilité entre la personne et l'emploi et perfectionnement
6,0,0,0,0,2022,,Health Canada,Santé Canada,,Q43d,Question 43d. To what extent have the following adversely affected your career progress in the federal public service over the last 12 months? Accessibility or accommodation issues,Question 43d. Dans quelle mesure estimez-vous que les éléments suivants ont nui à la progression de votre carrière au sein de la fonction publique fédérale au cours des 12 derniers mois? Problèmes d'accessibilité ou d'adaptation,69,10,4,2,2,2,11,91,5,5,5,4.63,91,5570.0,Health Canada,Santé Canada,3,Workforce,Effectif,5,Job fit and development,Compatibilité entre la personne et l'emploi et perfectionnement
6,0,0,0,0,2020,,Health Canada,Santé Canada,,Q43d,Question 43d. To what extent have the following adversely affected your career progress in the federal public service over the last 12 months? Accessibility or accommodation issues,Question 43d. Dans quelle mesure estimez-vous que les éléments suivants ont nui à la progression de votre carrière au sein de la fonction publique fédérale au cours des 12 derniers mois? Problèmes d'accessibilité ou d'adaptation,73,11,4,2,1,2,8,93,4,3,3,4.69,92,5221.0,Health Canada,Santé Canada,3,Workforce,Effectif,5,Job fit and development,Compatibilité entre la personne et l'emploi et perfectionnement
6,0,0,0,0,2019,,Health Canada,Santé Canada,,Q43d,Question 43d. To what extent have the following adversely affected your career progress in the federal public service over the last 12 months? Accessibility or accommodation issues,Question 43d. Dans quelle mesure estimez-vous que les éléments suivants ont nui à la progression de votre carrière au sein de la fonction publique fédérale au cours des 12 derniers mois? Problèmes d'accessibilité ou d'adaptation,78,7,3,1,1,1,9,94,3,3,3,4.76,94,5411.0,Health Canada,Santé Canada,3,Workforce,Effectif,5,Job fit and development,Compatibilité entre la personne et l'emploi et perfectionnement
6,0,0,0,0,2022,,Health Canada,Santé Canada,,Q44,"Question 44. I believe I have opportunities for promotion within my department or agency, given my education, skills and experience.","Question 44. J'estime avoir des possibilités d'obtenir une promotion au sein de mon ministère ou organisme, compte tenu de ma scolarité, de mes compétences et de mon expérience.",20,31,12,15,16,3,3,54,13,33,54,3.26,57,5570.0,Health Canada,Santé Canada,3,Workforce,Effectif,5,Job fit and development,Compatibilité entre la personne et l'emploi et perfectionnement
6,0,0,0,0,2020,,Health Canada,Santé Canada,,Q44,"Question 44. I believe I have opportunities for promotion within my department or agency, given my education, skills and experience.","Question 44. J'estime avoir des possibilités d'obtenir une promotion au sein de mon ministère ou organisme, compte tenu de ma scolarité, de mes compétences et de mon expérience.",24,28,15,15,13,3,2,54,16,29,54,3.36,59,5234.0,Health Canada,Santé Canada,3,Workforce,Effectif,5,Job fit and development,Compatibilité entre la personne et l'emploi et perfectionnement
6,0,0,0,0,2019,,Health Canada,Santé Canada,,Q44,"Question 44. I believe I have opportunities for promotion within my department or agency, given my education, skills and experience.","Question 44. J'estime avoir des possibilités d'obtenir une promotion au sein de mon ministère ou organisme, compte tenu de ma scolarité, de mes compétences et de mon expérience.",21,27,16,15,16,2,1,50,17,33,50,3.22,55,5431.0,Health Canada,Santé Canada,3,Workforce,Effectif,5,Job fit and development,Compatibilité entre la personne et l'emploi et perfectionnement
6,0,0,0,0,2018,,Health Canada,Santé Canada,,Q44,"Question 44. I believe I have opportunities for promotion within my department or agency, given my education, skills and experience.","Question 44. J'estime avoir des possibilités d'obtenir une promotion au sein de mon ministère ou organisme, compte tenu de ma scolarité, de mes compétences et de mon expérience.",18,29,15,15,17,3,2,50,16,34,50,3.17,54,4362.0,Health Canada,Santé Canada,3,Workforce,Effectif,5,Job fit and development,Compatibilité entre la personne et l'emploi et perfectionnement
6,0,0,0,0,2022,,Health Canada,Santé Canada,,Q45,Question 45. I feel I would be supported by my department or agency if I proposed a new idea.,Question 45. J'estime que j'obtiendrais du soutien de mon ministère ou organisme si je proposais une nouvelle idée.,23,39,19,9,5,4,1,65,20,16,65,3.67,67,5570.0,Health Canada,Santé Canada,3,Workforce,Effectif,6,Empowerment,Habilitation
6,0,0,0,0,2020,,Health Canada,Santé Canada,,Q45,Question 45. I feel I would be supported by my department or agency if I proposed a new idea.,Question 45. J'estime que j'obtiendrais du soutien de mon ministère ou organisme si je proposais une nouvelle idée.,24,44,17,7,3,4,1,71,18,11,71,3.83,71,5217.0,Health Canada,Santé Canada,3,Workforce,Effectif,6,Empowerment,Habilitation
6,0,0,0,0,2019,,Health Canada,Santé Canada,,Q45,Question 45. I feel I would be supported by my department or agency if I proposed a new idea.,Question 45. J'estime que j'obtiendrais du soutien de mon ministère ou organisme si je proposais une nouvelle idée.,21,42,19,9,4,4,1,67,20,13,67,3.72,68,5422.0,Health Canada,Santé Canada,3,Workforce,Effectif,6,Empowerment,Habilitation
6,0,0,0,0,2018,,Health Canada,Santé Canada,,Q45,Question 45. I feel I would be supported by my department or agency if I proposed a new idea.,Question 45. J'estime que j'obtiendrais du soutien de mon ministère ou organisme si je proposais une nouvelle idée.,21,37,22,9,5,4,0,62,23,15,62,3.63,66,4370.0,Health Canada,Santé Canada,3,Workforce,Effectif,6,Empowerment,Habilitation
6,0,0,0,0,2022,,Health Canada,Santé Canada,,Q46,"Question 46. I think that my department or agency respects individual differences (e.g., culture, work styles, ideas, abilities).","Question 46. Je crois que mon ministère ou organisme respecte les différences individuelles (p. ex. la culture, les méthodes de travail, les idées, les habiletés).",35,38,12,7,4,3,0,76,12,12,76,3.96,74,5570.0,Health Canada,Santé Canada,4,Workplace,Milieu de travail,11,Diversity and inclusion,Diversité et inclusion
6,0,0,0,0,2020,,Health Canada,Santé Canada,,Q46,"Question 46. I think that my department or agency respects individual differences (e.g., culture, work styles, ideas, abilities).","Question 46. Je crois que mon ministère ou organisme respecte les différences individuelles (p. ex. la culture, les méthodes de travail, les idées, les habiletés).",40,39,11,5,2,2,0,81,11,8,81,4.12,78,5208.0,Health Canada,Santé Canada,4,Workplace,Milieu de travail,11,Diversity and inclusion,Diversité et inclusion
6,0,0,0,0,2019,,Health Canada,Santé Canada,,Q46,"Question 46. I think that my department or agency respects individual differences (e.g., culture, work styles, ideas, abilities).","Question 46. Je crois que mon ministère ou organisme respecte les différences individuelles (p. ex. la culture, les méthodes de travail, les idées, les habiletés).",39,39,13,5,2,2,0,79,13,8,79,4.09,77,5405.0,Health Canada,Santé Canada,4,Workplace,Milieu de travail,11,Diversity and inclusion,Diversité et inclusion
6,0,0,0,0,2018,,Health Canada,Santé Canada,,Q46,"Question 46. I think that my department or agency respects individual differences (e.g., culture, work styles, ideas, abilities).","Question 46. Je crois que mon ministère ou organisme respecte les différences individuelles (p. ex. la culture, les méthodes de travail, les idées, les habiletés).",44,37,10,5,2,1,0,83,10,7,83,4.18,80,4370.0,Health Canada,Santé Canada,4,Workplace,Milieu de travail,11,Diversity and inclusion,Diversité et inclusion
6,0,0,0,0,2022,,Health Canada,Santé Canada,,Q47,Question 47. My department or agency implements activities and practices that support a diverse workforce.,Question 47. Mon ministère ou organisme met en place des activités et des pratiques qui favorisent une main duvre diversifiée.,37,37,12,4,3,5,1,79,13,8,79,4.08,77,5570.0,Health Canada,Santé Canada,4,Workplace,Milieu de travail,11,Diversity and inclusion,Diversité et inclusion
6,0,0,0,0,2020,,Health Canada,Santé Canada,,Q47,Question 47. My department or agency implements activities and practices that support a diverse workforce.,Question 47. Mon ministère ou organisme met en place des activités et des pratiques qui favorisent une main duvre diversifiée.,42,35,12,4,2,5,0,81,13,6,81,4.19,80,5221.0,Health Canada,Santé Canada,4,Workplace,Milieu de travail,11,Diversity and inclusion,Diversité et inclusion
6,0,0,0,0,2019,,Health Canada,Santé Canada,,Q47,Question 47. My department or agency implements activities and practices that support a diverse workforce.,Question 47. Mon ministère ou organisme met en place des activités et des pratiques qui favorisent une main duvre diversifiée.,46,33,12,3,2,4,0,82,13,5,82,4.22,81,5398.0,Health Canada,Santé Canada,4,Workplace,Milieu de travail,11,Diversity and inclusion,Diversité et inclusion
6,0,0,0,0,2018,,Health Canada,Santé Canada,,Q47,Question 47. My department or agency implements activities and practices that support a diverse workforce.,Question 47. Mon ministère ou organisme met en place des activités et des pratiques qui favorisent une main duvre diversifiée.,44,35,12,3,2,3,0,82,12,5,82,4.21,80,4365.0,Health Canada,Santé Canada,4,Workplace,Milieu de travail,11,Diversity and inclusion,Diversité et inclusion
6,0,0,0,0,2022,,Health Canada,Santé Canada,,Q48,Question 48. My department or agency implements initiatives that promote anti-racism in the workplace.,Question 48. Mon ministère ou organisme met en uvre des initiatives qui favorisent la lutte contre le racisme dans le milieu de travail.,32,28,20,5,2,12,1,68,23,8,68,3.94,74,5570.0,Health Canada,Santé Canada,4,Workplace,Milieu de travail,12,Anti-racism,Anti-racisme
6,0,0,0,0,2020,,Health Canada,Santé Canada,,Q48,Question 48. My department or agency implements initiatives that promote anti-racism in the workplace.,Question 48. Mon ministère ou organisme met en uvre des initiatives qui favorisent la lutte contre le racisme dans le milieu de travail.,37,34,15,5,2,7,1,76,16,7,76,4.07,77,5237.0,Health Canada,Santé Canada,4,Workplace,Milieu de travail,12,Anti-racism,Anti-racisme
6,0,0,0,0,2022,,Health Canada,Santé Canada,,Q49,"Question 49. I would feel comfortable sharing concerns about racism in the workplace with a person of authority (e.g., immediate supervisor, senior manager, ombudsperson, human resources advisor).","Question 49. Je me sentirais à laise de faire part à une personne en situation dautorité de mes préoccupations concernant des problèmes liés au racisme en milieu de travail (p. ex. superviseur(e) immédiat(e), cadre supérieur(e), ombudsman, conseillèr(e) en ressources humaines).",38,32,9,6,5,6,4,78,10,12,78,4.03,76,5565.0,Health Canada,Santé Canada,4,Workplace,Milieu de travail,12,Anti-racism,Anti-racisme
6,0,0,0,0,2020,,Health Canada,Santé Canada,,Q49,"Question 49. I would feel comfortable sharing concerns about racism in the workplace with a person of authority (e.g., immediate supervisor, senior manager, ombudsperson, human resources advisor).","Question 49. Je me sentirais à laise de faire part à une personne en situation dautorité de mes préoccupations concernant des problèmes liés au racisme en milieu de travail (p. ex. superviseur(e) immédiat(e), cadre supérieur(e), ombudsman, conseillèr(e) en ressources humaines).",42,31,11,5,3,5,3,79,12,9,79,4.11,78,5219.0,Health Canada,Santé Canada,4,Workplace,Milieu de travail,12,Anti-racism,Anti-racisme
6,0,0,0,0,2022,,Health Canada,Santé Canada,,Q50,Question 50. I feel that racism in my department or agency has had an adverse or negative impact on my mental health.,Question 50. Jestime que le racisme dans mon ministère ou organisme a eu une incidence négative sur ma santé mentale.,3,6,12,8,39,7,26,69,18,13,13,4.09,77,5560.0,Health Canada,Santé Canada,5,Workplace well-being,Bien-être en milieu de travail,21,A psychologically healthy workplace,Milieu de travail sain sur le plan psychologique
6,0,0,0,0,2022,,Health Canada,Santé Canada,,Q51,"Question 51. I feel that the Call to Action on Anti-Racism, Equity and Inclusion has had a positive impact in my department or agency, since it launched in January 2021.","Question 51. Jestime que lAppel à laction en faveur de la lutte contre le racisme, de léquité et de linclusion a eu un impact positif au sein de mon ministère ou organisme depuis son lancement, en janvier 2021.",10,17,22,4,3,39,5,48,40,12,48,3.48,62,5565.0,Health Canada,Santé Canada,4,Workplace,Milieu de travail,12,Anti-racism,Anti-racisme
6,0,0,0,0,2022,,Health Canada,Santé Canada,,Q52,"Question 52. Overall, my department or agency treats me with respect.","Question 52. Dans l'ensemble, mon ministère ou organisme me traite avec respect.",48,35,8,6,3,0,0,83,8,9,83,4.18,80,5575.0,Health Canada,Santé Canada,4,Workplace,Milieu de travail,11,Diversity and inclusion,Diversité et inclusion
6,0,0,0,0,2020,,Health Canada,Santé Canada,,Q52,"Question 52. Overall, my department or agency treats me with respect.","Question 52. Dans l'ensemble, mon ministère ou organisme me traite avec respect.",55,32,7,3,2,0,0,88,7,5,88,4.37,84,5222.0,Health Canada,Santé Canada,4,Workplace,Milieu de travail,11,Diversity and inclusion,Diversité et inclusion
6,0,0,0,0,2019,,Health Canada,Santé Canada,,Q52,"Question 52. Overall, my department or agency treats me with respect.","Question 52. Dans l'ensemble, mon ministère ou organisme me traite avec respect.",52,33,9,4,2,0,0,86,9,6,86,4.31,83,5428.0,Health Canada,Santé Canada,4,Workplace,Milieu de travail,11,Diversity and inclusion,Diversité et inclusion
6,0,0,0,0,2018,,Health Canada,Santé Canada,,Q52,"Question 52. Overall, my department or agency treats me with respect.","Question 52. Dans l'ensemble, mon ministère ou organisme me traite avec respect.",50,35,8,4,3,0,0,85,9,6,85,4.27,82,4346.0,Health Canada,Santé Canada,4,Workplace,Milieu de travail,11,Diversity and inclusion,Diversité et inclusion
6,0,0,0,0,2022,,Health Canada,Santé Canada,,Q53,Question 53. I would recommend my department or agency as a great place to work.,Question 53. Je recommanderais mon ministère ou organisme comme un excellent milieu de travail.,39,33,13,8,6,1,0,73,13,14,73,3.93,73,5570.0,Health Canada,Santé Canada,1,Employee engagement,Mobilisation des employés,1,Employee engagement,Mobilisation des employés
6,0,0,0,0,2020,,Health Canada,Santé Canada,,Q53,Question 53. I would recommend my department or agency as a great place to work.,Question 53. Je recommanderais mon ministère ou organisme comme un excellent milieu de travail.,47,32,12,5,3,1,0,80,12,8,80,4.16,79,5212.0,Health Canada,Santé Canada,1,Employee engagement,Mobilisation des employés,1,Employee engagement,Mobilisation des employés
6,0,0,0,0,2019,,Health Canada,Santé Canada,,Q53,Question 53. I would recommend my department or agency as a great place to work.,Question 53. Je recommanderais mon ministère ou organisme comme un excellent milieu de travail.,42,33,15,6,4,1,0,75,15,10,75,4.04,76,5416.0,Health Canada,Santé Canada,1,Employee engagement,Mobilisation des employés,1,Employee engagement,Mobilisation des employés
6,0,0,0,0,2018,,Health Canada,Santé Canada,,Q53,Question 53. I would recommend my department or agency as a great place to work.,Question 53. Je recommanderais mon ministère ou organisme comme un excellent milieu de travail.,39,33,16,6,4,1,0,73,16,11,73,3.98,74,4364.0,Health Canada,Santé Canada,1,Employee engagement,Mobilisation des employés,1,Employee engagement,Mobilisation des employés
6,0,0,0,0,2022,,Health Canada,Santé Canada,,Q54,Question 54. I am satisfied with my department or agency.,Question 54. Je suis satisfait(e) de mon ministère ou organisme.,37,35,13,9,6,0,0,72,13,15,72,3.89,72,5565.0,Health Canada,Santé Canada,1,Employee engagement,Mobilisation des employés,1,Employee engagement,Mobilisation des employés
6,0,0,0,0,2020,,Health Canada,Santé Canada,,Q54,Question 54. I am satisfied with my department or agency.,Question 54. Je suis satisfait(e) de mon ministère ou organisme.,46,34,11,5,3,0,0,81,12,8,81,4.16,79,5192.0,Health Canada,Santé Canada,1,Employee engagement,Mobilisation des employés,1,Employee engagement,Mobilisation des employés
6,0,0,0,0,2019,,Health Canada,Santé Canada,,Q54,Question 54. I am satisfied with my department or agency.,Question 54. Je suis satisfait(e) de mon ministère ou organisme.,40,36,14,7,3,0,0,76,14,10,76,4.03,76,5381.0,Health Canada,Santé Canada,1,Employee engagement,Mobilisation des employés,1,Employee engagement,Mobilisation des employés
6,0,0,0,0,2018,,Health Canada,Santé Canada,,Q54,Question 54. I am satisfied with my department or agency.,Question 54. Je suis satisfait(e) de mon ministère ou organisme.,38,36,14,7,4,0,0,75,14,11,75,3.99,75,4340.0,Health Canada,Santé Canada,1,Employee engagement,Mobilisation des employés,1,Employee engagement,Mobilisation des employés
6,0,0,0,0,2022,,Health Canada,Santé Canada,,Q55,"Question 55. I would prefer to remain with my department or agency, even if a comparable job was available elsewhere in the federal public service.",Question 55. Je préférerais continuer à travailler au sein de mon ministère ou organisme même si un poste comparable était disponible ailleurs dans la fonction publique fédérale.,33,26,18,11,8,5,0,62,19,20,62,3.68,67,5570.0,Health Canada,Santé Canada,1,Employee engagement,Mobilisation des employés,1,Employee engagement,Mobilisation des employés
6,0,0,0,0,2020,,Health Canada,Santé Canada,,Q55,"Question 55. I would prefer to remain with my department or agency, even if a comparable job was available elsewhere in the federal public service.",Question 55. Je préférerais continuer à travailler au sein de mon ministère ou organisme même si un poste comparable était disponible ailleurs dans la fonction publique fédérale.,41,25,17,8,5,3,0,69,18,13,69,3.94,73,5227.0,Health Canada,Santé Canada,1,Employee engagement,Mobilisation des employés,1,Employee engagement,Mobilisation des employés
6,0,0,0,0,2019,,Health Canada,Santé Canada,,Q55,"Question 55. I would prefer to remain with my department or agency, even if a comparable job was available elsewhere in the federal public service.",Question 55. Je préférerais continuer à travailler au sein de mon ministère ou organisme même si un poste comparable était disponible ailleurs dans la fonction publique fédérale.,36,26,19,10,6,3,0,64,20,17,64,3.78,69,5432.0,Health Canada,Santé Canada,1,Employee engagement,Mobilisation des employés,1,Employee engagement,Mobilisation des employés
6,0,0,0,0,2018,,Health Canada,Santé Canada,,Q55,"Question 55. I would prefer to remain with my department or agency, even if a comparable job was available elsewhere in the federal public service.",Question 55. Je préférerais continuer à travailler au sein de mon ministère ou organisme même si un poste comparable était disponible ailleurs dans la fonction publique fédérale.,34,26,19,10,7,4,0,62,20,18,62,3.73,68,4376.0,Health Canada,Santé Canada,1,Employee engagement,Mobilisation des employés,1,Employee engagement,Mobilisation des employés
6,0,0,0,0,2022,,Health Canada,Santé Canada,,D56_1,Question 56_1. Do you intend to leave your current position in the next two years?,Question 56_1. Avez-vous l'intention de quitter votre poste actuel au cours des deux prochaines années?,37,30,33,9999,9999,9999,9999,9999,9999,9999,37,99,9999,5570.0,Health Canada,Santé Canada,3,Workforce,Effectif,8,Mobility and retention,Mobilité et maintien en poste
6,0,0,0,0,2020,,Health Canada,Santé Canada,,D56_1,Question 56_1. Do you intend to leave your current position in the next two years?,Question 56_1. Avez-vous l'intention de quitter votre poste actuel au cours des deux prochaines années?,25,38,37,9999,9999,9999,9999,9999,9999,9999,25,99,9999,5238.0,Health Canada,Santé Canada,3,Workforce,Effectif,8,Mobility and retention,Mobilité et maintien en poste
6,0,0,0,0,2019,,Health Canada,Santé Canada,,D56_1,Question 56_1. Do you intend to leave your current position in the next two years?,Question 56_1. Avez-vous l'intention de quitter votre poste actuel au cours des deux prochaines années?,30,33,36,9999,9999,9999,9999,9999,9999,9999,30,99,9999,5441.0,Health Canada,Santé Canada,3,Workforce,Effectif,8,Mobility and retention,Mobilité et maintien en poste
6,0,0,0,0,2018,,Health Canada,Santé Canada,,D56_1,Question 56_1. Do you intend to leave your current position in the next two years?,Question 56_1. Avez-vous l'intention de quitter votre poste actuel au cours des deux prochaines années?,30,33,37,9999,9999,9999,9999,9999,9999,9999,30,99,9999,4382.0,Health Canada,Santé Canada,3,Workforce,Effectif,8,Mobility and retention,Mobilité et maintien en poste
6,0,0,0,0,2022,,Health Canada,Santé Canada,,D56_2,Question 56_2. Please indicate your reason for leaving.,Question 56_2. Veuillez indiquer la raison de votre départ.,11,35,31,4,11,8,9999,9999,9999,9999,9999,99,9999,1975.0,Health Canada,Santé Canada,3,Workforce,Effectif,8,Mobility and retention,Mobilité et maintien en poste
6,0,0,0,0,2020,,Health Canada,Santé Canada,,D56_2,Question 56_2. Please indicate your reason for leaving.,Question 56_2. Veuillez indiquer la raison de votre départ.,11,40,31,3,8,6,9999,9999,9999,9999,9999,99,9999,1301.0,Health Canada,Santé Canada,3,Workforce,Effectif,8,Mobility and retention,Mobilité et maintien en poste
6,0,0,0,0,2019,,Health Canada,Santé Canada,,D56_2,Question 56_2. Please indicate your reason for leaving.,Question 56_2. Veuillez indiquer la raison de votre départ.,9,36,33,3,11,7,9999,9999,9999,9999,9999,99,9999,1620.0,Health Canada,Santé Canada,3,Workforce,Effectif,8,Mobility and retention,Mobilité et maintien en poste
6,0,0,0,0,2018,,Health Canada,Santé Canada,,D56_2,Question 56_2. Please indicate your reason for leaving.,Question 56_2. Veuillez indiquer la raison de votre départ.,12,33,34,4,13,5,9999,9999,9999,9999,9999,99,9999,1262.0,Health Canada,Santé Canada,3,Workforce,Effectif,8,Mobility and retention,Mobilité et maintien en poste
6,0,0,0,0,2022,,Health Canada,Santé Canada,,Q57,"Question 57. Having carefully read the definition of harassment, have you been the victim of harassment on the job in the past 12 months?","Question 57. Après avoir lu attentivement la définition du harcèlement, au cours des 12 derniers mois, avez-vous été victime de harcèlement au travail?",10,90,9999,9999,9999,9999,9999,90,9999,10,10,99,9999,5565.0,Health Canada,Santé Canada,4,Workplace,Milieu de travail,16,Harassment,Harcèlement
6,0,0,0,0,2020,,Health Canada,Santé Canada,,Q57,"Question 57. Having carefully read the definition of harassment, have you been the victim of harassment on the job in the past 12 months?","Question 57. Après avoir lu attentivement la définition du harcèlement, au cours des 12 derniers mois, avez-vous été victime de harcèlement au travail?",8,92,9999,9999,9999,9999,9999,92,9999,8,8,99,9999,5235.0,Health Canada,Santé Canada,4,Workplace,Milieu de travail,16,Harassment,Harcèlement
6,0,0,0,0,2019,,Health Canada,Santé Canada,,Q57,"Question 57. Having carefully read the definition of harassment, have you been the victim of harassment on the job in the past 12 months?","Question 57. Après avoir lu attentivement la définition du harcèlement, au cours des 12 derniers mois, avez-vous été victime de harcèlement au travail?",11,89,9999,9999,9999,9999,9999,89,9999,11,11,99,9999,5428.0,Health Canada,Santé Canada,4,Workplace,Milieu de travail,16,Harassment,Harcèlement
6,0,0,0,0,2018,,Health Canada,Santé Canada,,Q57,"Question 57. Having carefully read the definition of harassment, have you been the victim of harassment on the job in the past 12 months?","Question 57. Après avoir lu attentivement la définition du harcèlement, au cours des 12 derniers mois, avez-vous été victime de harcèlement au travail?",12,88,9999,9999,9999,9999,9999,88,9999,12,12,99,9999,4383.0,Health Canada,Santé Canada,4,Workplace,Milieu de travail,16,Harassment,Harcèlement
6,0,0,0,0,2022,,Health Canada,Santé Canada,,Q58a,Question 58a. From whom did you experience harassment on the job? Co-workers,Question 58a. De la part de qui avez-vous été victime de harcèlement au travail? Collègues,43,57,9999,9999,9999,9999,9999,9999,9999,9999,43,99,9999,540.0,Health Canada,Santé Canada,4,Workplace,Milieu de travail,16,Harassment,Harcèlement
6,0,0,0,0,2020,,Health Canada,Santé Canada,,Q58a,Question 58a. From whom did you experience harassment on the job? Co-workers,Question 58a. De la part de qui avez-vous été victime de harcèlement au travail? Collègues,43,57,9999,9999,9999,9999,9999,9999,9999,9999,43,99,9999,451.0,Health Canada,Santé Canada,4,Workplace,Milieu de travail,16,Harassment,Harcèlement
6,0,0,0,0,2019,,Health Canada,Santé Canada,,Q58a,Question 58a. From whom did you experience harassment on the job? Co-workers,Question 58a. De la part de qui avez-vous été victime de harcèlement au travail? Collègues,50,50,9999,9999,9999,9999,9999,9999,9999,9999,50,99,9999,626.0,Health Canada,Santé Canada,4,Workplace,Milieu de travail,16,Harassment,Harcèlement
6,0,0,0,0,2018,,Health Canada,Santé Canada,,Q58a,Question 58a. From whom did you experience harassment on the job? Co-workers,Question 58a. De la part de qui avez-vous été victime de harcèlement au travail? Collègues,44,56,9999,9999,9999,9999,9999,9999,9999,9999,44,99,9999,546.0,Health Canada,Santé Canada,4,Workplace,Milieu de travail,16,Harassment,Harcèlement
6,0,0,0,0,2022,,Health Canada,Santé Canada,,Q58b,Question 58b. From whom did you experience harassment on the job? Individuals with authority over me,Question 58b. De la part de qui avez-vous été victime de harcèlement au travail? Supérieur(e)s,59,41,9999,9999,9999,9999,9999,9999,9999,9999,59,99,9999,540.0,Health Canada,Santé Canada,4,Workplace,Milieu de travail,16,Harassment,Harcèlement
6,0,0,0,0,2020,,Health Canada,Santé Canada,,Q58b,Question 58b. From whom did you experience harassment on the job? Individuals with authority over me,Question 58b. De la part de qui avez-vous été victime de harcèlement au travail? Supérieur(e)s,66,34,9999,9999,9999,9999,9999,9999,9999,9999,66,99,9999,451.0,Health Canada,Santé Canada,4,Workplace,Milieu de travail,16,Harassment,Harcèlement
6,0,0,0,0,2019,,Health Canada,Santé Canada,,Q58b,Question 58b. From whom did you experience harassment on the job? Individuals with authority over me,Question 58b. De la part de qui avez-vous été victime de harcèlement au travail? Supérieur(e)s,62,38,9999,9999,9999,9999,9999,9999,9999,9999,62,99,9999,626.0,Health Canada,Santé Canada,4,Workplace,Milieu de travail,16,Harassment,Harcèlement
6,0,0,0,0,2018,,Health Canada,Santé Canada,,Q58b,Question 58b. From whom did you experience harassment on the job? Individuals with authority over me,Question 58b. De la part de qui avez-vous été victime de harcèlement au travail? Supérieur(e)s,68,32,9999,9999,9999,9999,9999,9999,9999,9999,68,99,9999,545.0,Health Canada,Santé Canada,4,Workplace,Milieu de travail,16,Harassment,Harcèlement
6,0,0,0,0,2022,,Health Canada,Santé Canada,,Q58c,Question 58c. From whom did you experience harassment on the job? Individuals working for me,Question 58c. De la part de qui avez-vous été victime de harcèlement au travail? Employé(e)s relevant de moi,10,90,9999,9999,9999,9999,9999,9999,9999,9999,10,99,9999,540.0,Health Canada,Santé Canada,4,Workplace,Milieu de travail,16,Harassment,Harcèlement
6,0,0,0,0,2020,,Health Canada,Santé Canada,,Q58c,Question 58c. From whom did you experience harassment on the job? Individuals working for me,Question 58c. De la part de qui avez-vous été victime de harcèlement au travail? Employé(e)s relevant de moi,9,91,9999,9999,9999,9999,9999,9999,9999,9999,9,99,9999,451.0,Health Canada,Santé Canada,4,Workplace,Milieu de travail,16,Harassment,Harcèlement
6,0,0,0,0,2019,,Health Canada,Santé Canada,,Q58c,Question 58c. From whom did you experience harassment on the job? Individuals working for me,Question 58c. De la part de qui avez-vous été victime de harcèlement au travail? Employé(e)s relevant de moi,9,91,9999,9999,9999,9999,9999,9999,9999,9999,9,99,9999,626.0,Health Canada,Santé Canada,4,Workplace,Milieu de travail,16,Harassment,Harcèlement
6,0,0,0,0,2018,,Health Canada,Santé Canada,,Q58c,Question 58c. From whom did you experience harassment on the job? Individuals working for me,Question 58c. De la part de qui avez-vous été victime de harcèlement au travail? Employé(e)s relevant de moi,6,94,9999,9999,9999,9999,9999,9999,9999,9999,6,99,9999,545.0,Health Canada,Santé Canada,4,Workplace,Milieu de travail,16,Harassment,Harcèlement
6,0,0,0,0,2022,,Health Canada,Santé Canada,,Q58d,"Question 58d. From whom did you experience harassment on the job? Individuals for whom I have a custodial responsibility (e.g., inmates, offenders, patients, detainees)","Question 58d. De la part de qui avez-vous été victime de harcèlement au travail? Personnes envers lesquelles j'ai une responsabilité de garde (p. ex. détenu(e)s, contrevenant(e)s, patient(e)s, personnes sous garde)",0,100,9999,9999,9999,9999,9999,9999,9999,9999,0,99,9999,540.0,Health Canada,Santé Canada,4,Workplace,Milieu de travail,16,Harassment,Harcèlement
6,0,0,0,0,2020,,Health Canada,Santé Canada,,Q58d,"Question 58d. From whom did you experience harassment on the job? Individuals for whom I have a custodial responsibility (e.g., inmates, offenders, patients, detainees)","Question 58d. De la part de qui avez-vous été victime de harcèlement au travail? Personnes envers lesquelles j'ai une responsabilité de garde (p. ex. détenu(e)s, contrevenant(e)s, patient(e)s, personnes sous garde)",0,100,9999,9999,9999,9999,9999,9999,9999,9999,0,99,9999,451.0,Health Canada,Santé Canada,4,Workplace,Milieu de travail,16,Harassment,Harcèlement
6,0,0,0,0,2019,,Health Canada,Santé Canada,,Q58d,"Question 58d. From whom did you experience harassment on the job? Individuals for whom I have a custodial responsibility (e.g., inmates, offenders, patients, detainees)","Question 58d. De la part de qui avez-vous été victime de harcèlement au travail? Personnes envers lesquelles j'ai une responsabilité de garde (p. ex. détenu(e)s, contrevenant(e)s, patient(e)s, personnes sous garde)",,,,,,,,,,,,,,,Health Canada,Santé Canada,4,Workplace,Milieu de travail,16,Harassment,Harcèlement
6,0,0,0,0,2018,,Health Canada,Santé Canada,,Q58d,"Question 58d. From whom did you experience harassment on the job? Individuals for whom I have a custodial responsibility (e.g., inmates, offenders, patients, detainees)","Question 58d. De la part de qui avez-vous été victime de harcèlement au travail? Personnes envers lesquelles j'ai une responsabilité de garde (p. ex. détenu(e)s, contrevenant(e)s, patient(e)s, personnes sous garde)",1,99,9999,9999,9999,9999,9999,9999,9999,9999,1,99,9999,546.0,Health Canada,Santé Canada,4,Workplace,Milieu de travail,16,Harassment,Harcèlement
6,0,0,0,0,2022,,Health Canada,Santé Canada,,Q58e,Question 58e. From whom did you experience harassment on the job? Individuals from other departments or agencies,Question 58e. De la part de qui avez-vous été victime de harcèlement au travail? Personnes provenant d'autres ministères ou organismes,5,95,9999,9999,9999,9999,9999,9999,9999,9999,5,99,9999,540.0,Health Canada,Santé Canada,4,Workplace,Milieu de travail,16,Harassment,Harcèlement
6,0,0,0,0,2020,,Health Canada,Santé Canada,,Q58e,Question 58e. From whom did you experience harassment on the job? Individuals from other departments or agencies,Question 58e. De la part de qui avez-vous été victime de harcèlement au travail? Personnes provenant d'autres ministères ou organismes,6,94,9999,9999,9999,9999,9999,9999,9999,9999,6,99,9999,451.0,Health Canada,Santé Canada,4,Workplace,Milieu de travail,16,Harassment,Harcèlement
6,0,0,0,0,2019,,Health Canada,Santé Canada,,Q58e,Question 58e. From whom did you experience harassment on the job? Individuals from other departments or agencies,Question 58e. De la part de qui avez-vous été victime de harcèlement au travail? Personnes provenant d'autres ministères ou organismes,4,96,9999,9999,9999,9999,9999,9999,9999,9999,4,99,9999,626.0,Health Canada,Santé Canada,4,Workplace,Milieu de travail,16,Harassment,Harcèlement
6,0,0,0,0,2018,,Health Canada,Santé Canada,,Q58e,Question 58e. From whom did you experience harassment on the job? Individuals from other departments or agencies,Question 58e. De la part de qui avez-vous été victime de harcèlement au travail? Personnes provenant d'autres ministères ou organismes,5,95,9999,9999,9999,9999,9999,9999,9999,9999,5,99,9999,545.0,Health Canada,Santé Canada,4,Workplace,Milieu de travail,16,Harassment,Harcèlement
6,0,0,0,0,2022,,Health Canada,Santé Canada,,Q58f,Question 58f. From whom did you experience harassment on the job? Members of the public (individuals or organizations),Question 58f. De la part de qui avez-vous été victime de harcèlement au travail? Membres du public (personnes ou organisations),5,95,9999,9999,9999,9999,9999,9999,9999,9999,5,99,9999,540.0,Health Canada,Santé Canada,4,Workplace,Milieu de travail,16,Harassment,Harcèlement
6,0,0,0,0,2020,,Health Canada,Santé Canada,,Q58f,Question 58f. From whom did you experience harassment on the job? Members of the public (individuals or organizations),Question 58f. De la part de qui avez-vous été victime de harcèlement au travail? Membres du public (personnes ou organisations),4,96,9999,9999,9999,9999,9999,9999,9999,9999,4,99,9999,451.0,Health Canada,Santé Canada,4,Workplace,Milieu de travail,16,Harassment,Harcèlement
6,0,0,0,0,2019,,Health Canada,Santé Canada,,Q58f,Question 58f. From whom did you experience harassment on the job? Members of the public (individuals or organizations),Question 58f. De la part de qui avez-vous été victime de harcèlement au travail? Membres du public (personnes ou organisations),4,96,9999,9999,9999,9999,9999,9999,9999,9999,4,99,9999,626.0,Health Canada,Santé Canada,4,Workplace,Milieu de travail,16,Harassment,Harcèlement
6,0,0,0,0,2018,,Health Canada,Santé Canada,,Q58f,Question 58f. From whom did you experience harassment on the job? Members of the public (individuals or organizations),Question 58f. De la part de qui avez-vous été victime de harcèlement au travail? Membres du public (personnes ou organisations),5,95,9999,9999,9999,9999,9999,9999,9999,9999,5,99,9999,545.0,Health Canada,Santé Canada,4,Workplace,Milieu de travail,16,Harassment,Harcèlement
6,0,0,0,0,2022,,Health Canada,Santé Canada,,Q58g,Question 58g. From whom did you experience harassment on the job? Other,Question 58g. De la part de qui avez-vous été victime de harcèlement au travail? Autre,5,95,9999,9999,9999,9999,9999,9999,9999,9999,5,99,9999,540.0,Health Canada,Santé Canada,4,Workplace,Milieu de travail,16,Harassment,Harcèlement
6,0,0,0,0,2020,,Health Canada,Santé Canada,,Q58g,Question 58g. From whom did you experience harassment on the job? Other,Question 58g. De la part de qui avez-vous été victime de harcèlement au travail? Autre,3,97,9999,9999,9999,9999,9999,9999,9999,9999,3,99,9999,451.0,Health Canada,Santé Canada,4,Workplace,Milieu de travail,16,Harassment,Harcèlement
6,0,0,0,0,2019,,Health Canada,Santé Canada,,Q58g,Question 58g. From whom did you experience harassment on the job? Other,Question 58g. De la part de qui avez-vous été victime de harcèlement au travail? Autre,4,96,9999,9999,9999,9999,9999,9999,9999,9999,4,99,9999,626.0,Health Canada,Santé Canada,4,Workplace,Milieu de travail,16,Harassment,Harcèlement
6,0,0,0,0,2018,,Health Canada,Santé Canada,,Q58g,Question 58g. From whom did you experience harassment on the job? Other,Question 58g. De la part de qui avez-vous été victime de harcèlement au travail? Autre,4,96,9999,9999,9999,9999,9999,9999,9999,9999,4,99,9999,545.0,Health Canada,Santé Canada,4,Workplace,Milieu de travail,16,Harassment,Harcèlement
6,0,0,0,0,2022,,Health Canada,Santé Canada,,Q59a,Question 59a. Please indicate the nature of the harassment you experienced. Aggressive behaviour,Question 59a. Veuillez indiquer la nature du harcèlement dont vous avez fait l'objet. Comportement agressif,37,63,9999,9999,9999,9999,9999,9999,9999,9999,37,99,9999,540.0,Health Canada,Santé Canada,4,Workplace,Milieu de travail,16,Harassment,Harcèlement
6,0,0,0,0,2020,,Health Canada,Santé Canada,,Q59a,Question 59a. Please indicate the nature of the harassment you experienced. Aggressive behaviour,Question 59a. Veuillez indiquer la nature du harcèlement dont vous avez fait l'objet. Comportement agressif,35,65,9999,9999,9999,9999,9999,9999,9999,9999,35,99,9999,451.0,Health Canada,Santé Canada,4,Workplace,Milieu de travail,16,Harassment,Harcèlement
6,0,0,0,0,2019,,Health Canada,Santé Canada,,Q59a,Question 59a. Please indicate the nature of the harassment you experienced. Aggressive behaviour,Question 59a. Veuillez indiquer la nature du harcèlement dont vous avez fait l'objet. Comportement agressif,38,62,9999,9999,9999,9999,9999,9999,9999,9999,38,99,9999,616.0,Health Canada,Santé Canada,4,Workplace,Milieu de travail,16,Harassment,Harcèlement
6,0,0,0,0,2018,,Health Canada,Santé Canada,,Q59a,Question 59a. Please indicate the nature of the harassment you experienced. Aggressive behaviour,Question 59a. Veuillez indiquer la nature du harcèlement dont vous avez fait l'objet. Comportement agressif,35,65,9999,9999,9999,9999,9999,9999,9999,9999,35,99,9999,547.0,Health Canada,Santé Canada,4,Workplace,Milieu de travail,16,Harassment,Harcèlement
6,0,0,0,0,2022,,Health Canada,Santé Canada,,Q59b,Question 59b. Please indicate the nature of the harassment you experienced. Excessive control,Question 59b. Veuillez indiquer la nature du harcèlement dont vous avez fait l'objet. Contrôle excessif,44,56,9999,9999,9999,9999,9999,9999,9999,9999,44,99,9999,540.0,Health Canada,Santé Canada,4,Workplace,Milieu de travail,16,Harassment,Harcèlement
6,0,0,0,0,2020,,Health Canada,Santé Canada,,Q59b,Question 59b. Please indicate the nature of the harassment you experienced. Excessive control,Question 59b. Veuillez indiquer la nature du harcèlement dont vous avez fait l'objet. Contrôle excessif,43,57,9999,9999,9999,9999,9999,9999,9999,9999,43,99,9999,451.0,Health Canada,Santé Canada,4,Workplace,Milieu de travail,16,Harassment,Harcèlement
6,0,0,0,0,2019,,Health Canada,Santé Canada,,Q59b,Question 59b. Please indicate the nature of the harassment you experienced. Excessive control,Question 59b. Veuillez indiquer la nature du harcèlement dont vous avez fait l'objet. Contrôle excessif,40,60,9999,9999,9999,9999,9999,9999,9999,9999,40,99,9999,616.0,Health Canada,Santé Canada,4,Workplace,Milieu de travail,16,Harassment,Harcèlement
6,0,0,0,0,2018,,Health Canada,Santé Canada,,Q59b,Question 59b. Please indicate the nature of the harassment you experienced. Excessive control,Question 59b. Veuillez indiquer la nature du harcèlement dont vous avez fait l'objet. Contrôle excessif,43,57,9999,9999,9999,9999,9999,9999,9999,9999,43,99,9999,547.0,Health Canada,Santé Canada,4,Workplace,Milieu de travail,16,Harassment,Harcèlement
6,0,0,0,0,2022,,Health Canada,Santé Canada,,Q59c,Question 59c. Please indicate the nature of the harassment you experienced. Being excluded or being ignored,Question 59c. Veuillez indiquer la nature du harcèlement dont vous avez fait l'objet. Être exclu(e) ou ignoré(e),47,53,9999,9999,9999,9999,9999,9999,9999,9999,47,99,9999,540.0,Health Canada,Santé Canada,4,Workplace,Milieu de travail,16,Harassment,Harcèlement
6,0,0,0,0,2020,,Health Canada,Santé Canada,,Q59c,Question 59c. Please indicate the nature of the harassment you experienced. Being excluded or being ignored,Question 59c. Veuillez indiquer la nature du harcèlement dont vous avez fait l'objet. Être exclu(e) ou ignoré(e),47,53,9999,9999,9999,9999,9999,9999,9999,9999,47,99,9999,451.0,Health Canada,Santé Canada,4,Workplace,Milieu de travail,16,Harassment,Harcèlement
6,0,0,0,0,2019,,Health Canada,Santé Canada,,Q59c,Question 59c. Please indicate the nature of the harassment you experienced. Being excluded or being ignored,Question 59c. Veuillez indiquer la nature du harcèlement dont vous avez fait l'objet. Être exclu(e) ou ignoré(e),47,53,9999,9999,9999,9999,9999,9999,9999,9999,47,99,9999,616.0,Health Canada,Santé Canada,4,Workplace,Milieu de travail,16,Harassment,Harcèlement
6,0,0,0,0,2018,,Health Canada,Santé Canada,,Q59c,Question 59c. Please indicate the nature of the harassment you experienced. Being excluded or being ignored,Question 59c. Veuillez indiquer la nature du harcèlement dont vous avez fait l'objet. Être exclu(e) ou ignoré(e),50,50,9999,9999,9999,9999,9999,9999,9999,9999,50,99,9999,547.0,Health Canada,Santé Canada,4,Workplace,Milieu de travail,16,Harassment,Harcèlement
6,0,0,0,0,2022,,Health Canada,Santé Canada,,Q59d,Question 59d. Please indicate the nature of the harassment you experienced. Humiliation,Question 59d. Veuillez indiquer la nature du harcèlement dont vous avez fait l'objet. Humiliation,39,61,9999,9999,9999,9999,9999,9999,9999,9999,39,99,9999,540.0,Health Canada,Santé Canada,4,Workplace,Milieu de travail,16,Harassment,Harcèlement
6,0,0,0,0,2020,,Health Canada,Santé Canada,,Q59d,Question 59d. Please indicate the nature of the harassment you experienced. Humiliation,Question 59d. Veuillez indiquer la nature du harcèlement dont vous avez fait l'objet. Humiliation,40,60,9999,9999,9999,9999,9999,9999,9999,9999,40,99,9999,451.0,Health Canada,Santé Canada,4,Workplace,Milieu de travail,16,Harassment,Harcèlement
6,0,0,0,0,2019,,Health Canada,Santé Canada,,Q59d,Question 59d. Please indicate the nature of the harassment you experienced. Humiliation,Question 59d. Veuillez indiquer la nature du harcèlement dont vous avez fait l'objet. Humiliation,41,59,9999,9999,9999,9999,9999,9999,9999,9999,41,99,9999,616.0,Health Canada,Santé Canada,4,Workplace,Milieu de travail,16,Harassment,Harcèlement
6,0,0,0,0,2018,,Health Canada,Santé Canada,,Q59d,Question 59d. Please indicate the nature of the harassment you experienced. Humiliation,Question 59d. Veuillez indiquer la nature du harcèlement dont vous avez fait l'objet. Humiliation,46,54,9999,9999,9999,9999,9999,9999,9999,9999,46,99,9999,548.0,Health Canada,Santé Canada,4,Workplace,Milieu de travail,16,Harassment,Harcèlement
6,0,0,0,0,2022,,Health Canada,Santé Canada,,Q59e,Question 59e. Please indicate the nature of the harassment you experienced. Interference with work or withholding resources,Question 59e. Veuillez indiquer la nature du harcèlement dont vous avez fait l'objet. Interférence dans le travail ou retenue de ressources,35,65,9999,9999,9999,9999,9999,9999,9999,9999,35,99,9999,540.0,Health Canada,Santé Canada,4,Workplace,Milieu de travail,16,Harassment,Harcèlement
6,0,0,0,0,2020,,Health Canada,Santé Canada,,Q59e,Question 59e. Please indicate the nature of the harassment you experienced. Interference with work or withholding resources,Question 59e. Veuillez indiquer la nature du harcèlement dont vous avez fait l'objet. Interférence dans le travail ou retenue de ressources,35,65,9999,9999,9999,9999,9999,9999,9999,9999,35,99,9999,451.0,Health Canada,Santé Canada,4,Workplace,Milieu de travail,16,Harassment,Harcèlement
6,0,0,0,0,2019,,Health Canada,Santé Canada,,Q59e,Question 59e. Please indicate the nature of the harassment you experienced. Interference with work or withholding resources,Question 59e. Veuillez indiquer la nature du harcèlement dont vous avez fait l'objet. Interférence dans le travail ou retenue de ressources,32,68,9999,9999,9999,9999,9999,9999,9999,9999,32,99,9999,616.0,Health Canada,Santé Canada,4,Workplace,Milieu de travail,16,Harassment,Harcèlement
6,0,0,0,0,2018,,Health Canada,Santé Canada,,Q59e,Question 59e. Please indicate the nature of the harassment you experienced. Interference with work or withholding resources,Question 59e. Veuillez indiquer la nature du harcèlement dont vous avez fait l'objet. Interférence dans le travail ou retenue de ressources,34,66,9999,9999,9999,9999,9999,9999,9999,9999,34,99,9999,547.0,Health Canada,Santé Canada,4,Workplace,Milieu de travail,16,Harassment,Harcèlement
6,0,0,0,0,2022,,Health Canada,Santé Canada,,Q59f,Question 59f. Please indicate the nature of the harassment you experienced. Offensive remark,Question 59f. Veuillez indiquer la nature du harcèlement dont vous avez fait l'objet. Commentaire désobligeant,52,48,9999,9999,9999,9999,9999,9999,9999,9999,52,99,9999,540.0,Health Canada,Santé Canada,4,Workplace,Milieu de travail,16,Harassment,Harcèlement
6,0,0,0,0,2020,,Health Canada,Santé Canada,,Q59f,Question 59f. Please indicate the nature of the harassment you experienced. Offensive remark,Question 59f. Veuillez indiquer la nature du harcèlement dont vous avez fait l'objet. Commentaire désobligeant,46,54,9999,9999,9999,9999,9999,9999,9999,9999,46,99,9999,451.0,Health Canada,Santé Canada,4,Workplace,Milieu de travail,16,Harassment,Harcèlement
6,0,0,0,0,2019,,Health Canada,Santé Canada,,Q59f,Question 59f. Please indicate the nature of the harassment you experienced. Offensive remark,Question 59f. Veuillez indiquer la nature du harcèlement dont vous avez fait l'objet. Commentaire désobligeant,53,47,9999,9999,9999,9999,9999,9999,9999,9999,53,99,9999,616.0,Health Canada,Santé Canada,4,Workplace,Milieu de travail,16,Harassment,Harcèlement
6,0,0,0,0,2018,,Health Canada,Santé Canada,,Q59f,Question 59f. Please indicate the nature of the harassment you experienced. Offensive remark,Question 59f. Veuillez indiquer la nature du harcèlement dont vous avez fait l'objet. Commentaire désobligeant,55,45,9999,9999,9999,9999,9999,9999,9999,9999,55,99,9999,549.0,Health Canada,Santé Canada,4,Workplace,Milieu de travail,16,Harassment,Harcèlement
6,0,0,0,0,2022,,Health Canada,Santé Canada,,Q59g,Question 59g. Please indicate the nature of the harassment you experienced. Personal attack,Question 59g. Veuillez indiquer la nature du harcèlement dont vous avez fait l'objet. Attaque personnelle,27,73,9999,9999,9999,9999,9999,9999,9999,9999,27,99,9999,540.0,Health Canada,Santé Canada,4,Workplace,Milieu de travail,16,Harassment,Harcèlement
6,0,0,0,0,2020,,Health Canada,Santé Canada,,Q59g,Question 59g. Please indicate the nature of the harassment you experienced. Personal attack,Question 59g. Veuillez indiquer la nature du harcèlement dont vous avez fait l'objet. Attaque personnelle,28,72,9999,9999,9999,9999,9999,9999,9999,9999,28,99,9999,451.0,Health Canada,Santé Canada,4,Workplace,Milieu de travail,16,Harassment,Harcèlement
6,0,0,0,0,2019,,Health Canada,Santé Canada,,Q59g,Question 59g. Please indicate the nature of the harassment you experienced. Personal attack,Question 59g. Veuillez indiquer la nature du harcèlement dont vous avez fait l'objet. Attaque personnelle,31,69,9999,9999,9999,9999,9999,9999,9999,9999,31,99,9999,616.0,Health Canada,Santé Canada,4,Workplace,Milieu de travail,16,Harassment,Harcèlement
6,0,0,0,0,2018,,Health Canada,Santé Canada,,Q59g,Question 59g. Please indicate the nature of the harassment you experienced. Personal attack,Question 59g. Veuillez indiquer la nature du harcèlement dont vous avez fait l'objet. Attaque personnelle,37,63,9999,9999,9999,9999,9999,9999,9999,9999,37,99,9999,547.0,Health Canada,Santé Canada,4,Workplace,Milieu de travail,16,Harassment,Harcèlement
6,0,0,0,0,2022,,Health Canada,Santé Canada,,Q59h,Question 59h. Please indicate the nature of the harassment you experienced. Physical violence,Question 59h. Veuillez indiquer la nature du harcèlement dont vous avez fait l'objet. Violence physique,0,100,9999,9999,9999,9999,9999,9999,9999,9999,0,99,9999,540.0,Health Canada,Santé Canada,4,Workplace,Milieu de travail,16,Harassment,Harcèlement
6,0,0,0,0,2020,,Health Canada,Santé Canada,,Q59h,Question 59h. Please indicate the nature of the harassment you experienced. Physical violence,Question 59h. Veuillez indiquer la nature du harcèlement dont vous avez fait l'objet. Violence physique,1,99,9999,9999,9999,9999,9999,9999,9999,9999,1,99,9999,451.0,Health Canada,Santé Canada,4,Workplace,Milieu de travail,16,Harassment,Harcèlement
6,0,0,0,0,2019,,Health Canada,Santé Canada,,Q59h,Question 59h. Please indicate the nature of the harassment you experienced. Physical violence,Question 59h. Veuillez indiquer la nature du harcèlement dont vous avez fait l'objet. Violence physique,,,,,,,,,,,,,,,Health Canada,Santé Canada,4,Workplace,Milieu de travail,16,Harassment,Harcèlement
6,0,0,0,0,2018,,Health Canada,Santé Canada,,Q59h,Question 59h. Please indicate the nature of the harassment you experienced. Physical violence,Question 59h. Veuillez indiquer la nature du harcèlement dont vous avez fait l'objet. Violence physique,1,99,9999,9999,9999,9999,9999,9999,9999,9999,1,99,9999,547.0,Health Canada,Santé Canada,4,Workplace,Milieu de travail,16,Harassment,Harcèlement
6,0,0,0,0,2022,,Health Canada,Santé Canada,,Q59i,Question 59i. Please indicate the nature of the harassment you experienced. Sexual comment or gesture,Question 59i. Veuillez indiquer la nature du harcèlement dont vous avez fait l'objet. Commentaire ou geste à caractère sexuel,4,96,9999,9999,9999,9999,9999,9999,9999,9999,4,99,9999,540.0,Health Canada,Santé Canada,4,Workplace,Milieu de travail,16,Harassment,Harcèlement
6,0,0,0,0,2020,,Health Canada,Santé Canada,,Q59i,Question 59i. Please indicate the nature of the harassment you experienced. Sexual comment or gesture,Question 59i. Veuillez indiquer la nature du harcèlement dont vous avez fait l'objet. Commentaire ou geste à caractère sexuel,4,96,9999,9999,9999,9999,9999,9999,9999,9999,4,99,9999,451.0,Health Canada,Santé Canada,4,Workplace,Milieu de travail,16,Harassment,Harcèlement
6,0,0,0,0,2019,,Health Canada,Santé Canada,,Q59i,Question 59i. Please indicate the nature of the harassment you experienced. Sexual comment or gesture,Question 59i. Veuillez indiquer la nature du harcèlement dont vous avez fait l'objet. Commentaire ou geste à caractère sexuel,8,92,9999,9999,9999,9999,9999,9999,9999,9999,8,99,9999,616.0,Health Canada,Santé Canada,4,Workplace,Milieu de travail,16,Harassment,Harcèlement
6,0,0,0,0,2018,,Health Canada,Santé Canada,,Q59i,Question 59i. Please indicate the nature of the harassment you experienced. Sexual comment or gesture,Question 59i. Veuillez indiquer la nature du harcèlement dont vous avez fait l'objet. Commentaire ou geste à caractère sexuel,6,94,9999,9999,9999,9999,9999,9999,9999,9999,6,99,9999,548.0,Health Canada,Santé Canada,4,Workplace,Milieu de travail,16,Harassment,Harcèlement
6,0,0,0,0,2022,,Health Canada,Santé Canada,,Q59j,Question 59j. Please indicate the nature of the harassment you experienced. Threat,Question 59j. Veuillez indiquer la nature du harcèlement dont vous avez fait l'objet. Menace,9,91,9999,9999,9999,9999,9999,9999,9999,9999,9,99,9999,540.0,Health Canada,Santé Canada,4,Workplace,Milieu de travail,16,Harassment,Harcèlement
6,0,0,0,0,2020,,Health Canada,Santé Canada,,Q59j,Question 59j. Please indicate the nature of the harassment you experienced. Threat,Question 59j. Veuillez indiquer la nature du harcèlement dont vous avez fait l'objet. Menace,10,90,9999,9999,9999,9999,9999,9999,9999,9999,10,99,9999,451.0,Health Canada,Santé Canada,4,Workplace,Milieu de travail,16,Harassment,Harcèlement
6,0,0,0,0,2019,,Health Canada,Santé Canada,,Q59j,Question 59j. Please indicate the nature of the harassment you experienced. Threat,Question 59j. Veuillez indiquer la nature du harcèlement dont vous avez fait l'objet. Menace,10,90,9999,9999,9999,9999,9999,9999,9999,9999,10,99,9999,616.0,Health Canada,Santé Canada,4,Workplace,Milieu de travail,16,Harassment,Harcèlement
6,0,0,0,0,2018,,Health Canada,Santé Canada,,Q59j,Question 59j. Please indicate the nature of the harassment you experienced. Threat,Question 59j. Veuillez indiquer la nature du harcèlement dont vous avez fait l'objet. Menace,13,87,9999,9999,9999,9999,9999,9999,9999,9999,13,99,9999,547.0,Health Canada,Santé Canada,4,Workplace,Milieu de travail,16,Harassment,Harcèlement
6,0,0,0,0,2022,,Health Canada,Santé Canada,,Q59k,Question 59k. Please indicate the nature of the harassment you experienced. Unfair treatment,Question 59k. Veuillez indiquer la nature du harcèlement dont vous avez fait l'objet. Traitement injuste,51,49,9999,9999,9999,9999,9999,9999,9999,9999,51,99,9999,540.0,Health Canada,Santé Canada,4,Workplace,Milieu de travail,16,Harassment,Harcèlement
6,0,0,0,0,2020,,Health Canada,Santé Canada,,Q59k,Question 59k. Please indicate the nature of the harassment you experienced. Unfair treatment,Question 59k. Veuillez indiquer la nature du harcèlement dont vous avez fait l'objet. Traitement injuste,52,48,9999,9999,9999,9999,9999,9999,9999,9999,52,99,9999,451.0,Health Canada,Santé Canada,4,Workplace,Milieu de travail,16,Harassment,Harcèlement
6,0,0,0,0,2019,,Health Canada,Santé Canada,,Q59k,Question 59k. Please indicate the nature of the harassment you experienced. Unfair treatment,Question 59k. Veuillez indiquer la nature du harcèlement dont vous avez fait l'objet. Traitement injuste,44,56,9999,9999,9999,9999,9999,9999,9999,9999,44,99,9999,616.0,Health Canada,Santé Canada,4,Workplace,Milieu de travail,16,Harassment,Harcèlement
6,0,0,0,0,2018,,Health Canada,Santé Canada,,Q59k,Question 59k. Please indicate the nature of the harassment you experienced. Unfair treatment,Question 59k. Veuillez indiquer la nature du harcèlement dont vous avez fait l'objet. Traitement injuste,50,50,9999,9999,9999,9999,9999,9999,9999,9999,50,99,9999,548.0,Health Canada,Santé Canada,4,Workplace,Milieu de travail,16,Harassment,Harcèlement
6,0,0,0,0,2022,,Health Canada,Santé Canada,,Q59l,Question 59l. Please indicate the nature of the harassment you experienced. Yelling or shouting,Question 59l. Veuillez indiquer la nature du harcèlement dont vous avez fait l'objet. Hurlement ou cris,18,82,9999,9999,9999,9999,9999,9999,9999,9999,18,99,9999,540.0,Health Canada,Santé Canada,4,Workplace,Milieu de travail,16,Harassment,Harcèlement
6,0,0,0,0,2020,,Health Canada,Santé Canada,,Q59l,Question 59l. Please indicate the nature of the harassment you experienced. Yelling or shouting,Question 59l. Veuillez indiquer la nature du harcèlement dont vous avez fait l'objet. Hurlement ou cris,20,80,9999,9999,9999,9999,9999,9999,9999,9999,20,99,9999,451.0,Health Canada,Santé Canada,4,Workplace,Milieu de travail,16,Harassment,Harcèlement
6,0,0,0,0,2019,,Health Canada,Santé Canada,,Q59l,Question 59l. Please indicate the nature of the harassment you experienced. Yelling or shouting,Question 59l. Veuillez indiquer la nature du harcèlement dont vous avez fait l'objet. Hurlement ou cris,24,76,9999,9999,9999,9999,9999,9999,9999,9999,24,99,9999,616.0,Health Canada,Santé Canada,4,Workplace,Milieu de travail,16,Harassment,Harcèlement
6,0,0,0,0,2018,,Health Canada,Santé Canada,,Q59l,Question 59l. Please indicate the nature of the harassment you experienced. Yelling or shouting,Question 59l. Veuillez indiquer la nature du harcèlement dont vous avez fait l'objet. Hurlement ou cris,25,75,9999,9999,9999,9999,9999,9999,9999,9999,25,99,9999,547.0,Health Canada,Santé Canada,4,Workplace,Milieu de travail,16,Harassment,Harcèlement
6,0,0,0,0,2022,,Health Canada,Santé Canada,,Q59m,Question 59m. Please indicate the nature of the harassment you experienced. Other,Question 59m. Veuillez indiquer la nature du harcèlement dont vous avez fait l'objet. Autre,15,85,9999,9999,9999,9999,9999,9999,9999,9999,15,99,9999,540.0,Health Canada,Santé Canada,4,Workplace,Milieu de travail,16,Harassment,Harcèlement
6,0,0,0,0,2020,,Health Canada,Santé Canada,,Q59m,Question 59m. Please indicate the nature of the harassment you experienced. Other,Question 59m. Veuillez indiquer la nature du harcèlement dont vous avez fait l'objet. Autre,16,84,9999,9999,9999,9999,9999,9999,9999,9999,16,99,9999,451.0,Health Canada,Santé Canada,4,Workplace,Milieu de travail,16,Harassment,Harcèlement
6,0,0,0,0,2019,,Health Canada,Santé Canada,,Q59m,Question 59m. Please indicate the nature of the harassment you experienced. Other,Question 59m. Veuillez indiquer la nature du harcèlement dont vous avez fait l'objet. Autre,16,84,9999,9999,9999,9999,9999,9999,9999,9999,16,99,9999,616.0,Health Canada,Santé Canada,4,Workplace,Milieu de travail,16,Harassment,Harcèlement
6,0,0,0,0,2018,,Health Canada,Santé Canada,,Q59m,Question 59m. Please indicate the nature of the harassment you experienced. Other,Question 59m. Veuillez indiquer la nature du harcèlement dont vous avez fait l'objet. Autre,15,85,9999,9999,9999,9999,9999,9999,9999,9999,15,99,9999,547.0,Health Canada,Santé Canada,4,Workplace,Milieu de travail,16,Harassment,Harcèlement
6,0,0,0,0,2022,,Health Canada,Santé Canada,,Q60a,Question 60a. What action(s) did you take to address the harassment you experienced? I discussed the matter with my supervisor or a senior manager.,Question 60a. Quelle(s) mesure(s) avez-vous prise(s) pour régler le problème de harcèlement dont vous avez fait l'objet? J'ai discuté du problème avec mon (ma) superviseur(e) ou un cadre supérieur.,52,48,9999,9999,9999,9999,9999,9999,9999,9999,52,99,9999,540.0,Health Canada,Santé Canada,4,Workplace,Milieu de travail,16,Harassment,Harcèlement
6,0,0,0,0,2020,,Health Canada,Santé Canada,,Q60a,Question 60a. What action(s) did you take to address the harassment you experienced? I discussed the matter with my supervisor or a senior manager.,Question 60a. Quelle(s) mesure(s) avez-vous prise(s) pour régler le problème de harcèlement dont vous avez fait l'objet? J'ai discuté du problème avec mon (ma) superviseur(e) ou un cadre supérieur.,50,50,9999,9999,9999,9999,9999,9999,9999,9999,50,99,9999,451.0,Health Canada,Santé Canada,4,Workplace,Milieu de travail,16,Harassment,Harcèlement
6,0,0,0,0,2019,,Health Canada,Santé Canada,,Q60a,Question 60a. What action(s) did you take to address the harassment you experienced? I discussed the matter with my supervisor or a senior manager.,Question 60a. Quelle(s) mesure(s) avez-vous prise(s) pour régler le problème de harcèlement dont vous avez fait l'objet? J'ai discuté du problème avec mon (ma) superviseur(e) ou un cadre supérieur.,54,46,9999,9999,9999,9999,9999,9999,9999,9999,54,99,9999,611.0,Health Canada,Santé Canada,4,Workplace,Milieu de travail,16,Harassment,Harcèlement
6,0,0,0,0,2018,,Health Canada,Santé Canada,,Q60a,Question 60a. What action(s) did you take to address the harassment you experienced? I discussed the matter with my supervisor or a senior manager.,Question 60a. Quelle(s) mesure(s) avez-vous prise(s) pour régler le problème de harcèlement dont vous avez fait l'objet? J'ai discuté du problème avec mon (ma) superviseur(e) ou un cadre supérieur.,51,49,9999,9999,9999,9999,9999,9999,9999,9999,51,99,9999,546.0,Health Canada,Santé Canada,4,Workplace,Milieu de travail,16,Harassment,Harcèlement
6,0,0,0,0,2022,,Health Canada,Santé Canada,,Q60b,Question 60b. What action(s) did you take to address the harassment you experienced? I discussed the matter with the person(s) from whom I experienced the harassment.,Question 60b. Quelle(s) mesure(s) avez-vous prise(s) pour régler le problème de harcèlement dont vous avez fait l'objet? J'ai discuté du problème avec la ou les personne(s) par laquelle (lesquelles) j'ai été harcelé(e).,22,78,9999,9999,9999,9999,9999,9999,9999,9999,22,99,9999,540.0,Health Canada,Santé Canada,4,Workplace,Milieu de travail,16,Harassment,Harcèlement
6,0,0,0,0,2020,,Health Canada,Santé Canada,,Q60b,Question 60b. What action(s) did you take to address the harassment you experienced? I discussed the matter with the person(s) from whom I experienced the harassment.,Question 60b. Quelle(s) mesure(s) avez-vous prise(s) pour régler le problème de harcèlement dont vous avez fait l'objet? J'ai discuté du problème avec la ou les personne(s) par laquelle (lesquelles) j'ai été harcelé(e).,24,76,9999,9999,9999,9999,9999,9999,9999,9999,24,99,9999,451.0,Health Canada,Santé Canada,4,Workplace,Milieu de travail,16,Harassment,Harcèlement
6,0,0,0,0,2019,,Health Canada,Santé Canada,,Q60b,Question 60b. What action(s) did you take to address the harassment you experienced? I discussed the matter with the person(s) from whom I experienced the harassment.,Question 60b. Quelle(s) mesure(s) avez-vous prise(s) pour régler le problème de harcèlement dont vous avez fait l'objet? J'ai discuté du problème avec la ou les personne(s) par laquelle (lesquelles) j'ai été harcelé(e).,23,77,9999,9999,9999,9999,9999,9999,9999,9999,23,99,9999,611.0,Health Canada,Santé Canada,4,Workplace,Milieu de travail,16,Harassment,Harcèlement
6,0,0,0,0,2018,,Health Canada,Santé Canada,,Q60b,Question 60b. What action(s) did you take to address the harassment you experienced? I discussed the matter with the person(s) from whom I experienced the harassment.,Question 60b. Quelle(s) mesure(s) avez-vous prise(s) pour régler le problème de harcèlement dont vous avez fait l'objet? J'ai discuté du problème avec la ou les personne(s) par laquelle (lesquelles) j'ai été harcelé(e).,23,77,9999,9999,9999,9999,9999,9999,9999,9999,23,99,9999,547.0,Health Canada,Santé Canada,4,Workplace,Milieu de travail,16,Harassment,Harcèlement
6,0,0,0,0,2022,,Health Canada,Santé Canada,,Q60c,Question 60c. What action(s) did you take to address the harassment you experienced? I contacted a human resources advisor in my department or agency.,Question 60c. Quelle(s) mesure(s) avez-vous prise(s) pour régler le problème de harcèlement dont vous avez fait l'objet? J'ai communiqué avec un(e) conseiller(ère) en ressources humaines de mon ministère ou organisme.,9,91,9999,9999,9999,9999,9999,9999,9999,9999,9,99,9999,540.0,Health Canada,Santé Canada,4,Workplace,Milieu de travail,16,Harassment,Harcèlement
6,0,0,0,0,2020,,Health Canada,Santé Canada,,Q60c,Question 60c. What action(s) did you take to address the harassment you experienced? I contacted a human resources advisor in my department or agency.,Question 60c. Quelle(s) mesure(s) avez-vous prise(s) pour régler le problème de harcèlement dont vous avez fait l'objet? J'ai communiqué avec un(e) conseiller(ère) en ressources humaines de mon ministère ou organisme.,8,92,9999,9999,9999,9999,9999,9999,9999,9999,8,99,9999,451.0,Health Canada,Santé Canada,4,Workplace,Milieu de travail,16,Harassment,Harcèlement
6,0,0,0,0,2019,,Health Canada,Santé Canada,,Q60c,Question 60c. What action(s) did you take to address the harassment you experienced? I contacted a human resources advisor in my department or agency.,Question 60c. Quelle(s) mesure(s) avez-vous prise(s) pour régler le problème de harcèlement dont vous avez fait l'objet? J'ai communiqué avec un(e) conseiller(ère) en ressources humaines de mon ministère ou organisme.,6,94,9999,9999,9999,9999,9999,9999,9999,9999,6,99,9999,611.0,Health Canada,Santé Canada,4,Workplace,Milieu de travail,16,Harassment,Harcèlement
6,0,0,0,0,2018,,Health Canada,Santé Canada,,Q60c,Question 60c. What action(s) did you take to address the harassment you experienced? I contacted a human resources advisor in my department or agency.,Question 60c. Quelle(s) mesure(s) avez-vous prise(s) pour régler le problème de harcèlement dont vous avez fait l'objet? J'ai communiqué avec un(e) conseiller(ère) en ressources humaines de mon ministère ou organisme.,8,92,9999,9999,9999,9999,9999,9999,9999,9999,8,99,9999,546.0,Health Canada,Santé Canada,4,Workplace,Milieu de travail,16,Harassment,Harcèlement
6,0,0,0,0,2022,,Health Canada,Santé Canada,,Q60d,Question 60d. What action(s) did you take to address the harassment you experienced? I contacted my union representative.,Question 60d. Quelle(s) mesure(s) avez-vous prise(s) pour régler le problème de harcèlement dont vous avez fait l'objet? J'ai communiqué avec mon (ma) représentant(e) syndical(e).,13,87,9999,9999,9999,9999,9999,9999,9999,9999,13,99,9999,540.0,Health Canada,Santé Canada,4,Workplace,Milieu de travail,16,Harassment,Harcèlement
6,0,0,0,0,2020,,Health Canada,Santé Canada,,Q60d,Question 60d. What action(s) did you take to address the harassment you experienced? I contacted my union representative.,Question 60d. Quelle(s) mesure(s) avez-vous prise(s) pour régler le problème de harcèlement dont vous avez fait l'objet? J'ai communiqué avec mon (ma) représentant(e) syndical(e).,16,84,9999,9999,9999,9999,9999,9999,9999,9999,16,99,9999,451.0,Health Canada,Santé Canada,4,Workplace,Milieu de travail,16,Harassment,Harcèlement
6,0,0,0,0,2019,,Health Canada,Santé Canada,,Q60d,Question 60d. What action(s) did you take to address the harassment you experienced? I contacted my union representative.,Question 60d. Quelle(s) mesure(s) avez-vous prise(s) pour régler le problème de harcèlement dont vous avez fait l'objet? J'ai communiqué avec mon (ma) représentant(e) syndical(e).,14,86,9999,9999,9999,9999,9999,9999,9999,9999,14,99,9999,611.0,Health Canada,Santé Canada,4,Workplace,Milieu de travail,16,Harassment,Harcèlement
6,0,0,0,0,2018,,Health Canada,Santé Canada,,Q60d,Question 60d. What action(s) did you take to address the harassment you experienced? I contacted my union representative.,Question 60d. Quelle(s) mesure(s) avez-vous prise(s) pour régler le problème de harcèlement dont vous avez fait l'objet? J'ai communiqué avec mon (ma) représentant(e) syndical(e).,16,84,9999,9999,9999,9999,9999,9999,9999,9999,16,99,9999,546.0,Health Canada,Santé Canada,4,Workplace,Milieu de travail,16,Harassment,Harcèlement
6,0,0,0,0,2022,,Health Canada,Santé Canada,,Q60e,Question 60e. What action(s) did you take to address the harassment you experienced? I used an informal conflict resolution process.,Question 60e. Quelle(s) mesure(s) avez-vous prise(s) pour régler le problème de harcèlement dont vous avez fait l'objet? J'ai eu recours à un processus informel de résolution des conflits.,11,89,9999,9999,9999,9999,9999,9999,9999,9999,11,99,9999,540.0,Health Canada,Santé Canada,4,Workplace,Milieu de travail,16,Harassment,Harcèlement
6,0,0,0,0,2020,,Health Canada,Santé Canada,,Q60e,Question 60e. What action(s) did you take to address the harassment you experienced? I used an informal conflict resolution process.,Question 60e. Quelle(s) mesure(s) avez-vous prise(s) pour régler le problème de harcèlement dont vous avez fait l'objet? J'ai eu recours à un processus informel de résolution des conflits.,10,90,9999,9999,9999,9999,9999,9999,9999,9999,10,99,9999,451.0,Health Canada,Santé Canada,4,Workplace,Milieu de travail,16,Harassment,Harcèlement
6,0,0,0,0,2019,,Health Canada,Santé Canada,,Q60e,Question 60e. What action(s) did you take to address the harassment you experienced? I used an informal conflict resolution process.,Question 60e. Quelle(s) mesure(s) avez-vous prise(s) pour régler le problème de harcèlement dont vous avez fait l'objet? J'ai eu recours à un processus informel de résolution des conflits.,7,93,9999,9999,9999,9999,9999,9999,9999,9999,7,99,9999,611.0,Health Canada,Santé Canada,4,Workplace,Milieu de travail,16,Harassment,Harcèlement
6,0,0,0,0,2018,,Health Canada,Santé Canada,,Q60e,Question 60e. What action(s) did you take to address the harassment you experienced? I used an informal conflict resolution process.,Question 60e. Quelle(s) mesure(s) avez-vous prise(s) pour régler le problème de harcèlement dont vous avez fait l'objet? J'ai eu recours à un processus informel de résolution des conflits.,11,89,9999,9999,9999,9999,9999,9999,9999,9999,11,99,9999,546.0,Health Canada,Santé Canada,4,Workplace,Milieu de travail,16,Harassment,Harcèlement
6,0,0,0,0,2022,,Health Canada,Santé Canada,,Q60f,Question 60f. What action(s) did you take to address the harassment you experienced? I filed a grievance or formal complaint.,Question 60f. Quelle(s) mesure(s) avez-vous prise(s) pour régler le problème de harcèlement dont vous avez fait l'objet? J'ai déposé un grief ou une plainte officielle.,5,95,9999,9999,9999,9999,9999,9999,9999,9999,5,99,9999,540.0,Health Canada,Santé Canada,4,Workplace,Milieu de travail,16,Harassment,Harcèlement
6,0,0,0,0,2020,,Health Canada,Santé Canada,,Q60f,Question 60f. What action(s) did you take to address the harassment you experienced? I filed a grievance or formal complaint.,Question 60f. Quelle(s) mesure(s) avez-vous prise(s) pour régler le problème de harcèlement dont vous avez fait l'objet? J'ai déposé un grief ou une plainte officielle.,5,95,9999,9999,9999,9999,9999,9999,9999,9999,5,99,9999,451.0,Health Canada,Santé Canada,4,Workplace,Milieu de travail,16,Harassment,Harcèlement
6,0,0,0,0,2019,,Health Canada,Santé Canada,,Q60f,Question 60f. What action(s) did you take to address the harassment you experienced? I filed a grievance or formal complaint.,Question 60f. Quelle(s) mesure(s) avez-vous prise(s) pour régler le problème de harcèlement dont vous avez fait l'objet? J'ai déposé un grief ou une plainte officielle.,4,96,9999,9999,9999,9999,9999,9999,9999,9999,4,99,9999,611.0,Health Canada,Santé Canada,4,Workplace,Milieu de travail,16,Harassment,Harcèlement
6,0,0,0,0,2018,,Health Canada,Santé Canada,,Q60f,Question 60f. What action(s) did you take to address the harassment you experienced? I filed a grievance or formal complaint.,Question 60f. Quelle(s) mesure(s) avez-vous prise(s) pour régler le problème de harcèlement dont vous avez fait l'objet? J'ai déposé un grief ou une plainte officielle.,4,96,9999,9999,9999,9999,9999,9999,9999,9999,4,99,9999,546.0,Health Canada,Santé Canada,4,Workplace,Milieu de travail,16,Harassment,Harcèlement
6,0,0,0,0,2022,,Health Canada,Santé Canada,,Q60g,Question 60g. What action(s) did you take to address the harassment you experienced? I resolved the matter informally on my own.,Question 60g. Quelle(s) mesure(s) avez-vous prise(s) pour régler le problème de harcèlement dont vous avez fait l'objet? J'ai réglé la question de façon informelle par moi-même.,8,92,9999,9999,9999,9999,9999,9999,9999,9999,8,99,9999,540.0,Health Canada,Santé Canada,4,Workplace,Milieu de travail,16,Harassment,Harcèlement
6,0,0,0,0,2020,,Health Canada,Santé Canada,,Q60g,Question 60g. What action(s) did you take to address the harassment you experienced? I resolved the matter informally on my own.,Question 60g. Quelle(s) mesure(s) avez-vous prise(s) pour régler le problème de harcèlement dont vous avez fait l'objet? J'ai réglé la question de façon informelle par moi-même.,9,91,9999,9999,9999,9999,9999,9999,9999,9999,9,99,9999,451.0,Health Canada,Santé Canada,4,Workplace,Milieu de travail,16,Harassment,Harcèlement
6,0,0,0,0,2019,,Health Canada,Santé Canada,,Q60g,Question 60g. What action(s) did you take to address the harassment you experienced? I resolved the matter informally on my own.,Question 60g. Quelle(s) mesure(s) avez-vous prise(s) pour régler le problème de harcèlement dont vous avez fait l'objet? J'ai réglé la question de façon informelle par moi-même.,10,90,9999,9999,9999,9999,9999,9999,9999,9999,10,99,9999,611.0,Health Canada,Santé Canada,4,Workplace,Milieu de travail,16,Harassment,Harcèlement
6,0,0,0,0,2018,,Health Canada,Santé Canada,,Q60g,Question 60g. What action(s) did you take to address the harassment you experienced? I resolved the matter informally on my own.,Question 60g. Quelle(s) mesure(s) avez-vous prise(s) pour régler le problème de harcèlement dont vous avez fait l'objet? J'ai réglé la question de façon informelle par moi-même.,10,90,9999,9999,9999,9999,9999,9999,9999,9999,10,99,9999,547.0,Health Canada,Santé Canada,4,Workplace,Milieu de travail,16,Harassment,Harcèlement
6,0,0,0,0,2022,,Health Canada,Santé Canada,,Q60h,Question 60h. What action(s) did you take to address the harassment you experienced? Other.,Question 60h. Quelle(s) mesure(s) avez-vous prise(s) pour régler le problème de harcèlement dont vous avez fait l'objet? Autre.,12,88,9999,9999,9999,9999,9999,9999,9999,9999,12,99,9999,540.0,Health Canada,Santé Canada,4,Workplace,Milieu de travail,16,Harassment,Harcèlement
6,0,0,0,0,2020,,Health Canada,Santé Canada,,Q60h,Question 60h. What action(s) did you take to address the harassment you experienced? Other.,Question 60h. Quelle(s) mesure(s) avez-vous prise(s) pour régler le problème de harcèlement dont vous avez fait l'objet? Autre.,13,87,9999,9999,9999,9999,9999,9999,9999,9999,13,99,9999,451.0,Health Canada,Santé Canada,4,Workplace,Milieu de travail,16,Harassment,Harcèlement
6,0,0,0,0,2019,,Health Canada,Santé Canada,,Q60h,Question 60h. What action(s) did you take to address the harassment you experienced? Other.,Question 60h. Quelle(s) mesure(s) avez-vous prise(s) pour régler le problème de harcèlement dont vous avez fait l'objet? Autre.,11,89,9999,9999,9999,9999,9999,9999,9999,9999,11,99,9999,611.0,Health Canada,Santé Canada,4,Workplace,Milieu de travail,16,Harassment,Harcèlement
6,0,0,0,0,2018,,Health Canada,Santé Canada,,Q60h,Question 60h. What action(s) did you take to address the harassment you experienced? Other.,Question 60h. Quelle(s) mesure(s) avez-vous prise(s) pour régler le problème de harcèlement dont vous avez fait l'objet? Autre.,13,87,9999,9999,9999,9999,9999,9999,9999,9999,13,99,9999,546.0,Health Canada,Santé Canada,4,Workplace,Milieu de travail,16,Harassment,Harcèlement
6,0,0,0,0,2022,,Health Canada,Santé Canada,,Q60i,Question 60i. What action(s) did you take to address the harassment you experienced? I took no action.,Question 60i. Quelle(s) mesure(s) avez-vous prise(s) pour régler le problème de harcèlement dont vous avez fait l'objet? Je n'ai pris aucune mesure.,29,71,9999,9999,9999,9999,9999,9999,9999,9999,29,99,9999,540.0,Health Canada,Santé Canada,4,Workplace,Milieu de travail,16,Harassment,Harcèlement
6,0,0,0,0,2020,,Health Canada,Santé Canada,,Q60i,Question 60i. What action(s) did you take to address the harassment you experienced? I took no action.,Question 60i. Quelle(s) mesure(s) avez-vous prise(s) pour régler le problème de harcèlement dont vous avez fait l'objet? Je n'ai pris aucune mesure.,28,72,9999,9999,9999,9999,9999,9999,9999,9999,28,99,9999,451.0,Health Canada,Santé Canada,4,Workplace,Milieu de travail,16,Harassment,Harcèlement
6,0,0,0,0,2019,,Health Canada,Santé Canada,,Q60i,Question 60i. What action(s) did you take to address the harassment you experienced? I took no action.,Question 60i. Quelle(s) mesure(s) avez-vous prise(s) pour régler le problème de harcèlement dont vous avez fait l'objet? Je n'ai pris aucune mesure.,28,72,9999,9999,9999,9999,9999,9999,9999,9999,28,99,9999,611.0,Health Canada,Santé Canada,4,Workplace,Milieu de travail,16,Harassment,Harcèlement
6,0,0,0,0,2018,,Health Canada,Santé Canada,,Q60i,Question 60i. What action(s) did you take to address the harassment you experienced? I took no action.,Question 60i. Quelle(s) mesure(s) avez-vous prise(s) pour régler le problème de harcèlement dont vous avez fait l'objet? Je n'ai pris aucune mesure.,32,68,9999,9999,9999,9999,9999,9999,9999,9999,32,99,9999,547.0,Health Canada,Santé Canada,4,Workplace,Milieu de travail,16,Harassment,Harcèlement
6,0,0,0,0,2022,,Health Canada,Santé Canada,,Q61a,Question 61a. Why did you not file a grievance or formal complaint about the harassment you experienced? The issue was resolved.,Question 61a. Pourquoi n'avez-vous pas déposé un grief ou une plainte officielle concernant le harcèlement dont vous avez fait l'objet? La situation a été réglée.,7,93,9999,9999,9999,9999,9999,9999,9999,9999,7,99,9999,510.0,Health Canada,Santé Canada,4,Workplace,Milieu de travail,16,Harassment,Harcèlement
6,0,0,0,0,2020,,Health Canada,Santé Canada,,Q61a,Question 61a. Why did you not file a grievance or formal complaint about the harassment you experienced? The issue was resolved.,Question 61a. Pourquoi n'avez-vous pas déposé un grief ou une plainte officielle concernant le harcèlement dont vous avez fait l'objet? La situation a été réglée.,8,92,9999,9999,9999,9999,9999,9999,9999,9999,8,99,9999,428.0,Health Canada,Santé Canada,4,Workplace,Milieu de travail,16,Harassment,Harcèlement
6,0,0,0,0,2019,,Health Canada,Santé Canada,,Q61a,Question 61a. Why did you not file a grievance or formal complaint about the harassment you experienced? The issue was resolved.,Question 61a. Pourquoi n'avez-vous pas déposé un grief ou une plainte officielle concernant le harcèlement dont vous avez fait l'objet? La situation a été réglée.,11,89,9999,9999,9999,9999,9999,9999,9999,9999,11,99,9999,581.0,Health Canada,Santé Canada,4,Workplace,Milieu de travail,16,Harassment,Harcèlement
6,0,0,0,0,2018,,Health Canada,Santé Canada,,Q61a,Question 61a. Why did you not file a grievance or formal complaint about the harassment you experienced? The issue was resolved.,Question 61a. Pourquoi n'avez-vous pas déposé un grief ou une plainte officielle concernant le harcèlement dont vous avez fait l'objet? La situation a été réglée.,7,93,9999,9999,9999,9999,9999,9999,9999,9999,7,99,9999,524.0,Health Canada,Santé Canada,4,Workplace,Milieu de travail,16,Harassment,Harcèlement
6,0,0,0,0,2022,,Health Canada,Santé Canada,,Q61b,Question 61b. Why did you not file a grievance or formal complaint about the harassment you experienced? I did not think the incident was serious enough.,Question 61b. Pourquoi n'avez-vous pas déposé un grief ou une plainte officielle concernant le harcèlement dont vous avez fait l'objet? Je ne pensais pas que l'incident était assez grave.,28,72,9999,9999,9999,9999,9999,9999,9999,9999,28,99,9999,510.0,Health Canada,Santé Canada,4,Workplace,Milieu de travail,16,Harassment,Harcèlement
6,0,0,0,0,2020,,Health Canada,Santé Canada,,Q61b,Question 61b. Why did you not file a grievance or formal complaint about the harassment you experienced? I did not think the incident was serious enough.,Question 61b. Pourquoi n'avez-vous pas déposé un grief ou une plainte officielle concernant le harcèlement dont vous avez fait l'objet? Je ne pensais pas que l'incident était assez grave.,22,78,9999,9999,9999,9999,9999,9999,9999,9999,22,99,9999,428.0,Health Canada,Santé Canada,4,Workplace,Milieu de travail,16,Harassment,Harcèlement
6,0,0,0,0,2019,,Health Canada,Santé Canada,,Q61b,Question 61b. Why did you not file a grievance or formal complaint about the harassment you experienced? I did not think the incident was serious enough.,Question 61b. Pourquoi n'avez-vous pas déposé un grief ou une plainte officielle concernant le harcèlement dont vous avez fait l'objet? Je ne pensais pas que l'incident était assez grave.,25,75,9999,9999,9999,9999,9999,9999,9999,9999,25,99,9999,581.0,Health Canada,Santé Canada,4,Workplace,Milieu de travail,16,Harassment,Harcèlement
6,0,0,0,0,2018,,Health Canada,Santé Canada,,Q61b,Question 61b. Why did you not file a grievance or formal complaint about the harassment you experienced? I did not think the incident was serious enough.,Question 61b. Pourquoi n'avez-vous pas déposé un grief ou une plainte officielle concernant le harcèlement dont vous avez fait l'objet? Je ne pensais pas que l'incident était assez grave.,21,79,9999,9999,9999,9999,9999,9999,9999,9999,21,99,9999,523.0,Health Canada,Santé Canada,4,Workplace,Milieu de travail,16,Harassment,Harcèlement
6,0,0,0,0,2022,,Health Canada,Santé Canada,,Q61c,Question 61c. Why did you not file a grievance or formal complaint about the harassment you experienced? The behaviour stopped.,Question 61c. Pourquoi n'avez-vous pas déposé un grief ou une plainte officielle concernant le harcèlement dont vous avez fait l'objet? Le comportement s'est arrêté.,7,93,9999,9999,9999,9999,9999,9999,9999,9999,7,99,9999,510.0,Health Canada,Santé Canada,4,Workplace,Milieu de travail,16,Harassment,Harcèlement
6,0,0,0,0,2020,,Health Canada,Santé Canada,,Q61c,Question 61c. Why did you not file a grievance or formal complaint about the harassment you experienced? The behaviour stopped.,Question 61c. Pourquoi n'avez-vous pas déposé un grief ou une plainte officielle concernant le harcèlement dont vous avez fait l'objet? Le comportement s'est arrêté.,6,94,9999,9999,9999,9999,9999,9999,9999,9999,6,99,9999,428.0,Health Canada,Santé Canada,4,Workplace,Milieu de travail,16,Harassment,Harcèlement
6,0,0,0,0,2019,,Health Canada,Santé Canada,,Q61c,Question 61c. Why did you not file a grievance or formal complaint about the harassment you experienced? The behaviour stopped.,Question 61c. Pourquoi n'avez-vous pas déposé un grief ou une plainte officielle concernant le harcèlement dont vous avez fait l'objet? Le comportement s'est arrêté.,8,92,9999,9999,9999,9999,9999,9999,9999,9999,8,99,9999,581.0,Health Canada,Santé Canada,4,Workplace,Milieu de travail,16,Harassment,Harcèlement
6,0,0,0,0,2018,,Health Canada,Santé Canada,,Q61c,Question 61c. Why did you not file a grievance or formal complaint about the harassment you experienced? The behaviour stopped.,Question 61c. Pourquoi n'avez-vous pas déposé un grief ou une plainte officielle concernant le harcèlement dont vous avez fait l'objet? Le comportement s'est arrêté.,7,93,9999,9999,9999,9999,9999,9999,9999,9999,7,99,9999,523.0,Health Canada,Santé Canada,4,Workplace,Milieu de travail,16,Harassment,Harcèlement
6,0,0,0,0,2022,,Health Canada,Santé Canada,,Q61d,Question 61d. Why did you not file a grievance or formal complaint about the harassment you experienced? The individual apologized.,Question 61d. Pourquoi n'avez-vous pas déposé un grief ou une plainte officielle concernant le harcèlement dont vous avez fait l'objet? La personne s'est excusée.,5,95,9999,9999,9999,9999,9999,9999,9999,9999,5,99,9999,510.0,Health Canada,Santé Canada,4,Workplace,Milieu de travail,16,Harassment,Harcèlement
6,0,0,0,0,2020,,Health Canada,Santé Canada,,Q61d,Question 61d. Why did you not file a grievance or formal complaint about the harassment you experienced? The individual apologized.,Question 61d. Pourquoi n'avez-vous pas déposé un grief ou une plainte officielle concernant le harcèlement dont vous avez fait l'objet? La personne s'est excusée.,6,94,9999,9999,9999,9999,9999,9999,9999,9999,6,99,9999,428.0,Health Canada,Santé Canada,4,Workplace,Milieu de travail,16,Harassment,Harcèlement
6,0,0,0,0,2019,,Health Canada,Santé Canada,,Q61d,Question 61d. Why did you not file a grievance or formal complaint about the harassment you experienced? The individual apologized.,Question 61d. Pourquoi n'avez-vous pas déposé un grief ou une plainte officielle concernant le harcèlement dont vous avez fait l'objet? La personne s'est excusée.,8,92,9999,9999,9999,9999,9999,9999,9999,9999,8,99,9999,581.0,Health Canada,Santé Canada,4,Workplace,Milieu de travail,16,Harassment,Harcèlement
6,0,0,0,0,2018,,Health Canada,Santé Canada,,Q61d,Question 61d. Why did you not file a grievance or formal complaint about the harassment you experienced? The individual apologized.,Question 61d. Pourquoi n'avez-vous pas déposé un grief ou une plainte officielle concernant le harcèlement dont vous avez fait l'objet? La personne s'est excusée.,7,93,9999,9999,9999,9999,9999,9999,9999,9999,7,99,9999,523.0,Health Canada,Santé Canada,4,Workplace,Milieu de travail,16,Harassment,Harcèlement
6,0,0,0,0,2022,,Health Canada,Santé Canada,,Q61e,Question 61e. Why did you not file a grievance or formal complaint about the harassment you experienced? Management intervened.,Question 61e. Pourquoi n'avez-vous pas déposé un grief ou une plainte officielle concernant le harcèlement dont vous avez fait l'objet? La direction est intervenue.,9,91,9999,9999,9999,9999,9999,9999,9999,9999,9,99,9999,510.0,Health Canada,Santé Canada,4,Workplace,Milieu de travail,16,Harassment,Harcèlement
6,0,0,0,0,2020,,Health Canada,Santé Canada,,Q61e,Question 61e. Why did you not file a grievance or formal complaint about the harassment you experienced? Management intervened.,Question 61e. Pourquoi n'avez-vous pas déposé un grief ou une plainte officielle concernant le harcèlement dont vous avez fait l'objet? La direction est intervenue.,10,90,9999,9999,9999,9999,9999,9999,9999,9999,10,99,9999,428.0,Health Canada,Santé Canada,4,Workplace,Milieu de travail,16,Harassment,Harcèlement
6,0,0,0,0,2019,,Health Canada,Santé Canada,,Q61e,Question 61e. Why did you not file a grievance or formal complaint about the harassment you experienced? Management intervened.,Question 61e. Pourquoi n'avez-vous pas déposé un grief ou une plainte officielle concernant le harcèlement dont vous avez fait l'objet? La direction est intervenue.,13,87,9999,9999,9999,9999,9999,9999,9999,9999,13,99,9999,581.0,Health Canada,Santé Canada,4,Workplace,Milieu de travail,16,Harassment,Harcèlement
6,0,0,0,0,2018,,Health Canada,Santé Canada,,Q61e,Question 61e. Why did you not file a grievance or formal complaint about the harassment you experienced? Management intervened.,Question 61e. Pourquoi n'avez-vous pas déposé un grief ou une plainte officielle concernant le harcèlement dont vous avez fait l'objet? La direction est intervenue.,11,89,9999,9999,9999,9999,9999,9999,9999,9999,11,99,9999,523.0,Health Canada,Santé Canada,4,Workplace,Milieu de travail,16,Harassment,Harcèlement
6,0,0,0,0,2022,,Health Canada,Santé Canada,,Q61f,Question 61f. Why did you not file a grievance or formal complaint about the harassment you experienced? The individual left or changed jobs.,Question 61f. Pourquoi n'avez-vous pas déposé un grief ou une plainte officielle concernant le harcèlement dont vous avez fait l'objet? La personne a quitté ou changé d'emploi.,7,93,9999,9999,9999,9999,9999,9999,9999,9999,7,99,9999,510.0,Health Canada,Santé Canada,4,Workplace,Milieu de travail,16,Harassment,Harcèlement
6,0,0,0,0,2020,,Health Canada,Santé Canada,,Q61f,Question 61f. Why did you not file a grievance or formal complaint about the harassment you experienced? The individual left or changed jobs.,Question 61f. Pourquoi n'avez-vous pas déposé un grief ou une plainte officielle concernant le harcèlement dont vous avez fait l'objet? La personne a quitté ou changé d'emploi.,12,88,9999,9999,9999,9999,9999,9999,9999,9999,12,99,9999,428.0,Health Canada,Santé Canada,4,Workplace,Milieu de travail,16,Harassment,Harcèlement
6,0,0,0,0,2019,,Health Canada,Santé Canada,,Q61f,Question 61f. Why did you not file a grievance or formal complaint about the harassment you experienced? The individual left or changed jobs.,Question 61f. Pourquoi n'avez-vous pas déposé un grief ou une plainte officielle concernant le harcèlement dont vous avez fait l'objet? La personne a quitté ou changé d'emploi.,9,91,9999,9999,9999,9999,9999,9999,9999,9999,9,99,9999,581.0,Health Canada,Santé Canada,4,Workplace,Milieu de travail,16,Harassment,Harcèlement
6,0,0,0,0,2018,,Health Canada,Santé Canada,,Q61f,Question 61f. Why did you not file a grievance or formal complaint about the harassment you experienced? The individual left or changed jobs.,Question 61f. Pourquoi n'avez-vous pas déposé un grief ou une plainte officielle concernant le harcèlement dont vous avez fait l'objet? La personne a quitté ou changé d'emploi.,6,94,9999,9999,9999,9999,9999,9999,9999,9999,6,99,9999,523.0,Health Canada,Santé Canada,4,Workplace,Milieu de travail,16,Harassment,Harcèlement
6,0,0,0,0,2022,,Health Canada,Santé Canada,,Q61g,Question 61g. Why did you not file a grievance or formal complaint about the harassment you experienced? I changed jobs.,Question 61g. Pourquoi n'avez-vous pas déposé un grief ou une plainte officielle concernant le harcèlement dont vous avez fait l'objet? J'ai changé d'emploi.,10,90,9999,9999,9999,9999,9999,9999,9999,9999,10,99,9999,510.0,Health Canada,Santé Canada,4,Workplace,Milieu de travail,16,Harassment,Harcèlement
6,0,0,0,0,2020,,Health Canada,Santé Canada,,Q61g,Question 61g. Why did you not file a grievance or formal complaint about the harassment you experienced? I changed jobs.,Question 61g. Pourquoi n'avez-vous pas déposé un grief ou une plainte officielle concernant le harcèlement dont vous avez fait l'objet? J'ai changé d'emploi.,13,87,9999,9999,9999,9999,9999,9999,9999,9999,13,99,9999,428.0,Health Canada,Santé Canada,4,Workplace,Milieu de travail,16,Harassment,Harcèlement
6,0,0,0,0,2019,,Health Canada,Santé Canada,,Q61g,Question 61g. Why did you not file a grievance or formal complaint about the harassment you experienced? I changed jobs.,Question 61g. Pourquoi n'avez-vous pas déposé un grief ou une plainte officielle concernant le harcèlement dont vous avez fait l'objet? J'ai changé d'emploi.,14,86,9999,9999,9999,9999,9999,9999,9999,9999,14,99,9999,581.0,Health Canada,Santé Canada,4,Workplace,Milieu de travail,16,Harassment,Harcèlement
6,0,0,0,0,2018,,Health Canada,Santé Canada,,Q61g,Question 61g. Why did you not file a grievance or formal complaint about the harassment you experienced? I changed jobs.,Question 61g. Pourquoi n'avez-vous pas déposé un grief ou une plainte officielle concernant le harcèlement dont vous avez fait l'objet? J'ai changé d'emploi.,16,84,9999,9999,9999,9999,9999,9999,9999,9999,16,99,9999,523.0,Health Canada,Santé Canada,4,Workplace,Milieu de travail,16,Harassment,Harcèlement
6,0,0,0,0,2022,,Health Canada,Santé Canada,,Q61h,"Question 61h. Why did you not file a grievance or formal complaint about the harassment you experienced? I did not know what to do, where to go or whom to ask.","Question 61h. Pourquoi n'avez-vous pas déposé un grief ou une plainte officielle concernant le harcèlement dont vous avez fait l'objet? Je ne savais pas quoi faire, où aller ou à qui parler.",16,84,9999,9999,9999,9999,9999,9999,9999,9999,16,99,9999,510.0,Health Canada,Santé Canada,4,Workplace,Milieu de travail,16,Harassment,Harcèlement
6,0,0,0,0,2020,,Health Canada,Santé Canada,,Q61h,"Question 61h. Why did you not file a grievance or formal complaint about the harassment you experienced? I did not know what to do, where to go or whom to ask.","Question 61h. Pourquoi n'avez-vous pas déposé un grief ou une plainte officielle concernant le harcèlement dont vous avez fait l'objet? Je ne savais pas quoi faire, où aller ou à qui parler.",10,90,9999,9999,9999,9999,9999,9999,9999,9999,10,99,9999,428.0,Health Canada,Santé Canada,4,Workplace,Milieu de travail,16,Harassment,Harcèlement
6,0,0,0,0,2019,,Health Canada,Santé Canada,,Q61h,"Question 61h. Why did you not file a grievance or formal complaint about the harassment you experienced? I did not know what to do, where to go or whom to ask.","Question 61h. Pourquoi n'avez-vous pas déposé un grief ou une plainte officielle concernant le harcèlement dont vous avez fait l'objet? Je ne savais pas quoi faire, où aller ou à qui parler.",11,89,9999,9999,9999,9999,9999,9999,9999,9999,11,99,9999,581.0,Health Canada,Santé Canada,4,Workplace,Milieu de travail,16,Harassment,Harcèlement
6,0,0,0,0,2018,,Health Canada,Santé Canada,,Q61h,"Question 61h. Why did you not file a grievance or formal complaint about the harassment you experienced? I did not know what to do, where to go or whom to ask.","Question 61h. Pourquoi n'avez-vous pas déposé un grief ou une plainte officielle concernant le harcèlement dont vous avez fait l'objet? Je ne savais pas quoi faire, où aller ou à qui parler.",10,90,9999,9999,9999,9999,9999,9999,9999,9999,10,99,9999,523.0,Health Canada,Santé Canada,4,Workplace,Milieu de travail,16,Harassment,Harcèlement
6,0,0,0,0,2022,,Health Canada,Santé Canada,,Q61i,Question 61i. Why did you not file a grievance or formal complaint about the harassment you experienced? I was too distraught.,Question 61i. Pourquoi n'avez-vous pas déposé un grief ou une plainte officielle concernant le harcèlement dont vous avez fait l'objet? J'étais trop bouleversé(e).,16,84,9999,9999,9999,9999,9999,9999,9999,9999,16,99,9999,510.0,Health Canada,Santé Canada,4,Workplace,Milieu de travail,16,Harassment,Harcèlement
6,0,0,0,0,2020,,Health Canada,Santé Canada,,Q61i,Question 61i. Why did you not file a grievance or formal complaint about the harassment you experienced? I was too distraught.,Question 61i. Pourquoi n'avez-vous pas déposé un grief ou une plainte officielle concernant le harcèlement dont vous avez fait l'objet? J'étais trop bouleversé(e).,14,86,9999,9999,9999,9999,9999,9999,9999,9999,14,99,9999,428.0,Health Canada,Santé Canada,4,Workplace,Milieu de travail,16,Harassment,Harcèlement
6,0,0,0,0,2019,,Health Canada,Santé Canada,,Q61i,Question 61i. Why did you not file a grievance or formal complaint about the harassment you experienced? I was too distraught.,Question 61i. Pourquoi n'avez-vous pas déposé un grief ou une plainte officielle concernant le harcèlement dont vous avez fait l'objet? J'étais trop bouleversé(e).,14,86,9999,9999,9999,9999,9999,9999,9999,9999,14,99,9999,581.0,Health Canada,Santé Canada,4,Workplace,Milieu de travail,16,Harassment,Harcèlement
6,0,0,0,0,2018,,Health Canada,Santé Canada,,Q61i,Question 61i. Why did you not file a grievance or formal complaint about the harassment you experienced? I was too distraught.,Question 61i. Pourquoi n'avez-vous pas déposé un grief ou une plainte officielle concernant le harcèlement dont vous avez fait l'objet? J'étais trop bouleversé(e).,12,88,9999,9999,9999,9999,9999,9999,9999,9999,12,99,9999,524.0,Health Canada,Santé Canada,4,Workplace,Milieu de travail,16,Harassment,Harcèlement
6,0,0,0,0,2022,,Health Canada,Santé Canada,,Q61j,"Question 61j. Why did you not file a grievance or formal complaint about the harassment you experienced? I had concerns about the formal complaint process (e.g., confidentiality, how long it would take).","Question 61j. Pourquoi n'avez-vous pas déposé un grief ou une plainte officielle concernant le harcèlement dont vous avez fait l'objet? J'avais des préoccupations au sujet du processus formel de plaintes (p. ex. la confidentialité, le temps que prendrait le processus).",31,69,9999,9999,9999,9999,9999,9999,9999,9999,31,99,9999,510.0,Health Canada,Santé Canada,4,Workplace,Milieu de travail,16,Harassment,Harcèlement
6,0,0,0,0,2020,,Health Canada,Santé Canada,,Q61j,"Question 61j. Why did you not file a grievance or formal complaint about the harassment you experienced? I had concerns about the formal complaint process (e.g., confidentiality, how long it would take).","Question 61j. Pourquoi n'avez-vous pas déposé un grief ou une plainte officielle concernant le harcèlement dont vous avez fait l'objet? J'avais des préoccupations au sujet du processus formel de plaintes (p. ex. la confidentialité, le temps que prendrait le processus).",34,66,9999,9999,9999,9999,9999,9999,9999,9999,34,99,9999,428.0,Health Canada,Santé Canada,4,Workplace,Milieu de travail,16,Harassment,Harcèlement
6,0,0,0,0,2019,,Health Canada,Santé Canada,,Q61j,"Question 61j. Why did you not file a grievance or formal complaint about the harassment you experienced? I had concerns about the formal complaint process (e.g., confidentiality, how long it would take).","Question 61j. Pourquoi n'avez-vous pas déposé un grief ou une plainte officielle concernant le harcèlement dont vous avez fait l'objet? J'avais des préoccupations au sujet du processus formel de plaintes (p. ex. la confidentialité, le temps que prendrait le processus).",28,72,9999,9999,9999,9999,9999,9999,9999,9999,28,99,9999,581.0,Health Canada,Santé Canada,4,Workplace,Milieu de travail,16,Harassment,Harcèlement
6,0,0,0,0,2018,,Health Canada,Santé Canada,,Q61j,"Question 61j. Why did you not file a grievance or formal complaint about the harassment you experienced? I had concerns about the formal complaint process (e.g., confidentiality, how long it would take).","Question 61j. Pourquoi n'avez-vous pas déposé un grief ou une plainte officielle concernant le harcèlement dont vous avez fait l'objet? J'avais des préoccupations au sujet du processus formel de plaintes (p. ex. la confidentialité, le temps que prendrait le processus).",30,70,9999,9999,9999,9999,9999,9999,9999,9999,30,99,9999,523.0,Health Canada,Santé Canada,4,Workplace,Milieu de travail,16,Harassment,Harcèlement
6,0,0,0,0,2022,,Health Canada,Santé Canada,,Q61k,Question 61k. Why did you not file a grievance or formal complaint about the harassment you experienced? I was advised against filing a complaint.,Question 61k. Pourquoi n'avez-vous pas déposé un grief ou une plainte officielle concernant le harcèlement dont vous avez fait l'objet? On m'a conseillé(e) d'éviter de déposer une plainte.,9,91,9999,9999,9999,9999,9999,9999,9999,9999,9,99,9999,510.0,Health Canada,Santé Canada,4,Workplace,Milieu de travail,16,Harassment,Harcèlement
6,0,0,0,0,2020,,Health Canada,Santé Canada,,Q61k,Question 61k. Why did you not file a grievance or formal complaint about the harassment you experienced? I was advised against filing a complaint.,Question 61k. Pourquoi n'avez-vous pas déposé un grief ou une plainte officielle concernant le harcèlement dont vous avez fait l'objet? On m'a conseillé(e) d'éviter de déposer une plainte.,10,90,9999,9999,9999,9999,9999,9999,9999,9999,10,99,9999,428.0,Health Canada,Santé Canada,4,Workplace,Milieu de travail,16,Harassment,Harcèlement
6,0,0,0,0,2019,,Health Canada,Santé Canada,,Q61k,Question 61k. Why did you not file a grievance or formal complaint about the harassment you experienced? I was advised against filing a complaint.,Question 61k. Pourquoi n'avez-vous pas déposé un grief ou une plainte officielle concernant le harcèlement dont vous avez fait l'objet? On m'a conseillé(e) d'éviter de déposer une plainte.,7,93,9999,9999,9999,9999,9999,9999,9999,9999,7,99,9999,581.0,Health Canada,Santé Canada,4,Workplace,Milieu de travail,16,Harassment,Harcèlement
6,0,0,0,0,2018,,Health Canada,Santé Canada,,Q61k,Question 61k. Why did you not file a grievance or formal complaint about the harassment you experienced? I was advised against filing a complaint.,Question 61k. Pourquoi n'avez-vous pas déposé un grief ou une plainte officielle concernant le harcèlement dont vous avez fait l'objet? On m'a conseillé(e) d'éviter de déposer une plainte.,7,93,9999,9999,9999,9999,9999,9999,9999,9999,7,99,9999,523.0,Health Canada,Santé Canada,4,Workplace,Milieu de travail,16,Harassment,Harcèlement
6,0,0,0,0,2022,,Health Canada,Santé Canada,,Q61l,"Question 61l. Why did you not file a grievance or formal complaint about the harassment you experienced? I was afraid of reprisal (e.g., having limited career advancement, being labelled a troublemaker).",Question 61l. Pourquoi n'avez-vous pas déposé un grief ou une plainte officielle concernant le harcèlement dont vous avez fait l'objet? J'avais peur des représailles (p. ex. limiter l'avancement de ma carrière ou porter l'étiquette de fauteur(-euse) de troubles).,48,52,9999,9999,9999,9999,9999,9999,9999,9999,48,99,9999,510.0,Health Canada,Santé Canada,4,Workplace,Milieu de travail,16,Harassment,Harcèlement
6,0,0,0,0,2020,,Health Canada,Santé Canada,,Q61l,"Question 61l. Why did you not file a grievance or formal complaint about the harassment you experienced? I was afraid of reprisal (e.g., having limited career advancement, being labelled a troublemaker).",Question 61l. Pourquoi n'avez-vous pas déposé un grief ou une plainte officielle concernant le harcèlement dont vous avez fait l'objet? J'avais peur des représailles (p. ex. limiter l'avancement de ma carrière ou porter l'étiquette de fauteur(-euse) de troubles).,47,53,9999,9999,9999,9999,9999,9999,9999,9999,47,99,9999,428.0,Health Canada,Santé Canada,4,Workplace,Milieu de travail,16,Harassment,Harcèlement
6,0,0,0,0,2019,,Health Canada,Santé Canada,,Q61l,"Question 61l. Why did you not file a grievance or formal complaint about the harassment you experienced? I was afraid of reprisal (e.g., having limited career advancement, being labelled a troublemaker).",Question 61l. Pourquoi n'avez-vous pas déposé un grief ou une plainte officielle concernant le harcèlement dont vous avez fait l'objet? J'avais peur des représailles (p. ex. limiter l'avancement de ma carrière ou porter l'étiquette de fauteur(-euse) de troubles).,44,56,9999,9999,9999,9999,9999,9999,9999,9999,44,99,9999,581.0,Health Canada,Santé Canada,4,Workplace,Milieu de travail,16,Harassment,Harcèlement
6,0,0,0,0,2018,,Health Canada,Santé Canada,,Q61l,"Question 61l. Why did you not file a grievance or formal complaint about the harassment you experienced? I was afraid of reprisal (e.g., having limited career advancement, being labelled a troublemaker).",Question 61l. Pourquoi n'avez-vous pas déposé un grief ou une plainte officielle concernant le harcèlement dont vous avez fait l'objet? J'avais peur des représailles (p. ex. limiter l'avancement de ma carrière ou porter l'étiquette de fauteur(-euse) de troubles).,50,50,9999,9999,9999,9999,9999,9999,9999,9999,50,99,9999,524.0,Health Canada,Santé Canada,4,Workplace,Milieu de travail,16,Harassment,Harcèlement
6,0,0,0,0,2022,,Health Canada,Santé Canada,,Q61m,Question 61m. Why did you not file a grievance or formal complaint about the harassment you experienced? Someone threatened me.,Question 61m. Pourquoi n'avez-vous pas déposé un grief ou une plainte officielle concernant le harcèlement dont vous avez fait l'objet? Quelqu'un m'a menacé(e).,2,98,9999,9999,9999,9999,9999,9999,9999,9999,2,99,9999,510.0,Health Canada,Santé Canada,4,Workplace,Milieu de travail,16,Harassment,Harcèlement
6,0,0,0,0,2020,,Health Canada,Santé Canada,,Q61m,Question 61m. Why did you not file a grievance or formal complaint about the harassment you experienced? Someone threatened me.,Question 61m. Pourquoi n'avez-vous pas déposé un grief ou une plainte officielle concernant le harcèlement dont vous avez fait l'objet? Quelqu'un m'a menacé(e).,2,98,9999,9999,9999,9999,9999,9999,9999,9999,2,99,9999,428.0,Health Canada,Santé Canada,4,Workplace,Milieu de travail,16,Harassment,Harcèlement
6,0,0,0,0,2019,,Health Canada,Santé Canada,,Q61m,Question 61m. Why did you not file a grievance or formal complaint about the harassment you experienced? Someone threatened me.,Question 61m. Pourquoi n'avez-vous pas déposé un grief ou une plainte officielle concernant le harcèlement dont vous avez fait l'objet? Quelqu'un m'a menacé(e).,1,99,9999,9999,9999,9999,9999,9999,9999,9999,1,99,9999,581.0,Health Canada,Santé Canada,4,Workplace,Milieu de travail,16,Harassment,Harcèlement
6,0,0,0,0,2018,,Health Canada,Santé Canada,,Q61m,Question 61m. Why did you not file a grievance or formal complaint about the harassment you experienced? Someone threatened me.,Question 61m. Pourquoi n'avez-vous pas déposé un grief ou une plainte officielle concernant le harcèlement dont vous avez fait l'objet? Quelqu'un m'a menacé(e).,1,99,9999,9999,9999,9999,9999,9999,9999,9999,1,99,9999,523.0,Health Canada,Santé Canada,4,Workplace,Milieu de travail,16,Harassment,Harcèlement
6,0,0,0,0,2022,,Health Canada,Santé Canada,,Q61n,Question 61n. Why did you not file a grievance or formal complaint about the harassment you experienced? I did not believe it would make a difference.,Question 61n. Pourquoi n'avez-vous pas déposé un grief ou une plainte officielle concernant le harcèlement dont vous avez fait l'objet? Je ne croyais pas que cela ferait une différence.,57,43,9999,9999,9999,9999,9999,9999,9999,9999,57,99,9999,510.0,Health Canada,Santé Canada,4,Workplace,Milieu de travail,16,Harassment,Harcèlement
6,0,0,0,0,2020,,Health Canada,Santé Canada,,Q61n,Question 61n. Why did you not file a grievance or formal complaint about the harassment you experienced? I did not believe it would make a difference.,Question 61n. Pourquoi n'avez-vous pas déposé un grief ou une plainte officielle concernant le harcèlement dont vous avez fait l'objet? Je ne croyais pas que cela ferait une différence.,55,45,9999,9999,9999,9999,9999,9999,9999,9999,55,99,9999,428.0,Health Canada,Santé Canada,4,Workplace,Milieu de travail,16,Harassment,Harcèlement
6,0,0,0,0,2019,,Health Canada,Santé Canada,,Q61n,Question 61n. Why did you not file a grievance or formal complaint about the harassment you experienced? I did not believe it would make a difference.,Question 61n. Pourquoi n'avez-vous pas déposé un grief ou une plainte officielle concernant le harcèlement dont vous avez fait l'objet? Je ne croyais pas que cela ferait une différence.,53,47,9999,9999,9999,9999,9999,9999,9999,9999,53,99,9999,581.0,Health Canada,Santé Canada,4,Workplace,Milieu de travail,16,Harassment,Harcèlement
6,0,0,0,0,2018,,Health Canada,Santé Canada,,Q61n,Question 61n. Why did you not file a grievance or formal complaint about the harassment you experienced? I did not believe it would make a difference.,Question 61n. Pourquoi n'avez-vous pas déposé un grief ou une plainte officielle concernant le harcèlement dont vous avez fait l'objet? Je ne croyais pas que cela ferait une différence.,55,45,9999,9999,9999,9999,9999,9999,9999,9999,55,99,9999,524.0,Health Canada,Santé Canada,4,Workplace,Milieu de travail,16,Harassment,Harcèlement
6,0,0,0,0,2022,,Health Canada,Santé Canada,,Q61o,Question 61o. Why did you not file a grievance or formal complaint about the harassment you experienced? The time limit to file a grievance or a formal complaint had passed.,Question 61o. Pourquoi n'avez-vous pas déposé un grief ou une plainte officielle concernant le harcèlement dont vous avez fait l'objet? Le délai prévu pour déposer un grief ou une plainte officielle avait expiré.,3,97,9999,9999,9999,9999,9999,9999,9999,9999,3,99,9999,510.0,Health Canada,Santé Canada,4,Workplace,Milieu de travail,16,Harassment,Harcèlement
6,0,0,0,0,2022,,Health Canada,Santé Canada,,Q61p,Question 61p. Why did you not file a grievance or formal complaint about the harassment you experienced? Other,Question 61p. Pourquoi n'avez-vous pas déposé un grief ou une plainte officielle concernant le harcèlement dont vous avez fait l'objet? Autre,14,86,9999,9999,9999,9999,9999,9999,9999,9999,14,99,9999,510.0,Health Canada,Santé Canada,4,Workplace,Milieu de travail,16,Harassment,Harcèlement
6,0,0,0,0,2020,,Health Canada,Santé Canada,,Q61p,Question 61p. Why did you not file a grievance or formal complaint about the harassment you experienced? Other,Question 61p. Pourquoi n'avez-vous pas déposé un grief ou une plainte officielle concernant le harcèlement dont vous avez fait l'objet? Autre,14,86,9999,9999,9999,9999,9999,9999,9999,9999,14,99,9999,428.0,Health Canada,Santé Canada,4,Workplace,Milieu de travail,16,Harassment,Harcèlement
6,0,0,0,0,2019,,Health Canada,Santé Canada,,Q61p,Question 61p. Why did you not file a grievance or formal complaint about the harassment you experienced? Other,Question 61p. Pourquoi n'avez-vous pas déposé un grief ou une plainte officielle concernant le harcèlement dont vous avez fait l'objet? Autre,12,88,9999,9999,9999,9999,9999,9999,9999,9999,12,99,9999,581.0,Health Canada,Santé Canada,4,Workplace,Milieu de travail,16,Harassment,Harcèlement
6,0,0,0,0,2018,,Health Canada,Santé Canada,,Q61p,Question 61p. Why did you not file a grievance or formal complaint about the harassment you experienced? Other,Question 61p. Pourquoi n'avez-vous pas déposé un grief ou une plainte officielle concernant le harcèlement dont vous avez fait l'objet? Autre,13,87,9999,9999,9999,9999,9999,9999,9999,9999,13,99,9999,523.0,Health Canada,Santé Canada,4,Workplace,Milieu de travail,16,Harassment,Harcèlement
6,0,0,0,0,2022,,Health Canada,Santé Canada,,Q62,Question 62. I am satisfied with how matters related to harassment are resolved in my department or agency.,Question 62. Je suis satisfait(e) de la manière dont les problèmes de harcèlement sont réglés dans mon ministère ou organisme.,12,12,13,5,5,40,13,52,28,20,52,3.49,62,5565.0,Health Canada,Santé Canada,4,Workplace,Milieu de travail,16,Harassment,Harcèlement
6,0,0,0,0,2020,,Health Canada,Santé Canada,,Q62,Question 62. I am satisfied with how matters related to harassment are resolved in my department or agency.,Question 62. Je suis satisfait(e) de la manière dont les problèmes de harcèlement sont réglés dans mon ministère ou organisme.,17,14,17,5,3,34,10,55,30,14,55,3.66,66,5225.0,Health Canada,Santé Canada,4,Workplace,Milieu de travail,16,Harassment,Harcèlement
6,0,0,0,0,2019,,Health Canada,Santé Canada,,Q62,Question 62. I am satisfied with how matters related to harassment are resolved in my department or agency.,Question 62. Je suis satisfait(e) de la manière dont les problèmes de harcèlement sont réglés dans mon ministère ou organisme.,16,14,19,7,6,29,9,49,30,21,49,3.45,61,5430.0,Health Canada,Santé Canada,4,Workplace,Milieu de travail,16,Harassment,Harcèlement
6,0,0,0,0,2018,,Health Canada,Santé Canada,,Q62,Question 62. I am satisfied with how matters related to harassment are resolved in my department or agency.,Question 62. Je suis satisfait(e) de la manière dont les problèmes de harcèlement sont réglés dans mon ministère ou organisme.,15,15,19,6,5,30,9,50,31,19,50,3.48,62,4371.0,Health Canada,Santé Canada,4,Workplace,Milieu de travail,16,Harassment,Harcèlement
6,0,0,0,0,2022,,Health Canada,Santé Canada,,Q63,Question 63. My department or agency works hard to create a workplace that prevents harassment.,Question 63. Mon ministère ou organisme met tout en uvre pour créer un milieu de travail qui prévient le harcèlement.,30,34,13,5,3,13,2,75,15,10,75,3.97,74,5565.0,Health Canada,Santé Canada,4,Workplace,Milieu de travail,16,Harassment,Harcèlement
6,0,0,0,0,2020,,Health Canada,Santé Canada,,Q63,Question 63. My department or agency works hard to create a workplace that prevents harassment.,Question 63. Mon ministère ou organisme met tout en uvre pour créer un milieu de travail qui prévient le harcèlement.,33,31,17,4,3,12,1,73,19,8,73,4,75,5223.0,Health Canada,Santé Canada,4,Workplace,Milieu de travail,16,Harassment,Harcèlement
6,0,0,0,0,2019,,Health Canada,Santé Canada,,Q63,Question 63. My department or agency works hard to create a workplace that prevents harassment.,Question 63. Mon ministère ou organisme met tout en uvre pour créer un milieu de travail qui prévient le harcèlement.,33,30,17,6,3,10,1,71,19,10,71,3.94,73,5433.0,Health Canada,Santé Canada,4,Workplace,Milieu de travail,16,Harassment,Harcèlement
6,0,0,0,0,2018,,Health Canada,Santé Canada,,Q63,Question 63. My department or agency works hard to create a workplace that prevents harassment.,Question 63. Mon ministère ou organisme met tout en uvre pour créer un milieu de travail qui prévient le harcèlement.,30,33,17,5,4,10,1,71,19,10,71,3.9,73,4370.0,Health Canada,Santé Canada,4,Workplace,Milieu de travail,16,Harassment,Harcèlement
6,0,0,0,0,2022,,Health Canada,Santé Canada,,Q64,"Question 64. Having carefully read the definition of discrimination, have you been the victim of discrimination on the job in the past 12 months?","Question 64. Après avoir lu attentivement la définition de la discrimination, au cours des 12 derniers mois, avez-vous été victime de discrimination au travail?",7,93,9999,9999,9999,9999,9999,93,9999,7,7,99,9999,5575.0,Health Canada,Santé Canada,4,Workplace,Milieu de travail,17,Discrimination,Discrimination
6,0,0,0,0,2020,,Health Canada,Santé Canada,,Q64,"Question 64. Having carefully read the definition of discrimination, have you been the victim of discrimination on the job in the past 12 months?","Question 64. Après avoir lu attentivement la définition de la discrimination, au cours des 12 derniers mois, avez-vous été victime de discrimination au travail?",6,94,9999,9999,9999,9999,9999,94,9999,6,6,99,9999,5230.0,Health Canada,Santé Canada,4,Workplace,Milieu de travail,17,Discrimination,Discrimination
6,0,0,0,0,2019,,Health Canada,Santé Canada,,Q64,"Question 64. Having carefully read the definition of discrimination, have you been the victim of discrimination on the job in the past 12 months?","Question 64. Après avoir lu attentivement la définition de la discrimination, au cours des 12 derniers mois, avez-vous été victime de discrimination au travail?",7,93,9999,9999,9999,9999,9999,93,9999,7,7,99,9999,5427.0,Health Canada,Santé Canada,4,Workplace,Milieu de travail,17,Discrimination,Discrimination
6,0,0,0,0,2018,,Health Canada,Santé Canada,,Q64,"Question 64. Having carefully read the definition of discrimination, have you been the victim of discrimination on the job in the past 12 months?","Question 64. Après avoir lu attentivement la définition de la discrimination, au cours des 12 derniers mois, avez-vous été victime de discrimination au travail?",7,93,9999,9999,9999,9999,9999,93,9999,7,7,99,9999,4365.0,Health Canada,Santé Canada,4,Workplace,Milieu de travail,17,Discrimination,Discrimination
6,0,0,0,0,2022,,Health Canada,Santé Canada,,Q65a,Question 65a. From whom did you experience discrimination on the job? Co-workers,Question 65a. De la part de qui avez-vous été victime de discrimination au travail? Collègues,29,71,9999,9999,9999,9999,9999,9999,9999,9999,29,99,9999,405.0,Health Canada,Santé Canada,4,Workplace,Milieu de travail,17,Discrimination,Discrimination
6,0,0,0,0,2020,,Health Canada,Santé Canada,,Q65a,Question 65a. From whom did you experience discrimination on the job? Co-workers,Question 65a. De la part de qui avez-vous été victime de discrimination au travail? Collègues,31,69,9999,9999,9999,9999,9999,9999,9999,9999,31,99,9999,310.0,Health Canada,Santé Canada,4,Workplace,Milieu de travail,17,Discrimination,Discrimination
6,0,0,0,0,2019,,Health Canada,Santé Canada,,Q65a,Question 65a. From whom did you experience discrimination on the job? Co-workers,Question 65a. De la part de qui avez-vous été victime de discrimination au travail? Collègues,40,60,9999,9999,9999,9999,9999,9999,9999,9999,40,99,9999,367.0,Health Canada,Santé Canada,4,Workplace,Milieu de travail,17,Discrimination,Discrimination
6,0,0,0,0,2018,,Health Canada,Santé Canada,,Q65a,Question 65a. From whom did you experience discrimination on the job? Co-workers,Question 65a. De la part de qui avez-vous été victime de discrimination au travail? Collègues,30,70,9999,9999,9999,9999,9999,9999,9999,9999,30,99,9999,308.0,Health Canada,Santé Canada,4,Workplace,Milieu de travail,17,Discrimination,Discrimination
6,0,0,0,0,2022,,Health Canada,Santé Canada,,Q65b,Question 65b. From whom did you experience discrimination on the job? Individuals with authority over me,Question 65b. De la part de qui avez-vous été victime de discrimination au travail? Supérieur(e)s,79,21,9999,9999,9999,9999,9999,9999,9999,9999,79,99,9999,405.0,Health Canada,Santé Canada,4,Workplace,Milieu de travail,17,Discrimination,Discrimination
6,0,0,0,0,2020,,Health Canada,Santé Canada,,Q65b,Question 65b. From whom did you experience discrimination on the job? Individuals with authority over me,Question 65b. De la part de qui avez-vous été victime de discrimination au travail? Supérieur(e)s,82,18,9999,9999,9999,9999,9999,9999,9999,9999,82,99,9999,310.0,Health Canada,Santé Canada,4,Workplace,Milieu de travail,17,Discrimination,Discrimination
6,0,0,0,0,2019,,Health Canada,Santé Canada,,Q65b,Question 65b. From whom did you experience discrimination on the job? Individuals with authority over me,Question 65b. De la part de qui avez-vous été victime de discrimination au travail? Supérieur(e)s,76,24,9999,9999,9999,9999,9999,9999,9999,9999,76,99,9999,367.0,Health Canada,Santé Canada,4,Workplace,Milieu de travail,17,Discrimination,Discrimination
6,0,0,0,0,2018,,Health Canada,Santé Canada,,Q65b,Question 65b. From whom did you experience discrimination on the job? Individuals with authority over me,Question 65b. De la part de qui avez-vous été victime de discrimination au travail? Supérieur(e)s,78,22,9999,9999,9999,9999,9999,9999,9999,9999,78,99,9999,307.0,Health Canada,Santé Canada,4,Workplace,Milieu de travail,17,Discrimination,Discrimination
6,0,0,0,0,2022,,Health Canada,Santé Canada,,Q65c,Question 65c. From whom did you experience discrimination on the job? Individuals working for me,Question 65c. De la part de qui avez-vous été victime de discrimination au travail? Employé(e)s relevant de moi,4,96,9999,9999,9999,9999,9999,9999,9999,9999,4,99,9999,405.0,Health Canada,Santé Canada,4,Workplace,Milieu de travail,17,Discrimination,Discrimination
6,0,0,0,0,2020,,Health Canada,Santé Canada,,Q65c,Question 65c. From whom did you experience discrimination on the job? Individuals working for me,Question 65c. De la part de qui avez-vous été victime de discrimination au travail? Employé(e)s relevant de moi,4,96,9999,9999,9999,9999,9999,9999,9999,9999,4,99,9999,310.0,Health Canada,Santé Canada,4,Workplace,Milieu de travail,17,Discrimination,Discrimination
6,0,0,0,0,2019,,Health Canada,Santé Canada,,Q65c,Question 65c. From whom did you experience discrimination on the job? Individuals working for me,Question 65c. De la part de qui avez-vous été victime de discrimination au travail? Employé(e)s relevant de moi,4,96,9999,9999,9999,9999,9999,9999,9999,9999,4,99,9999,367.0,Health Canada,Santé Canada,4,Workplace,Milieu de travail,17,Discrimination,Discrimination
6,0,0,0,0,2018,,Health Canada,Santé Canada,,Q65c,Question 65c. From whom did you experience discrimination on the job? Individuals working for me,Question 65c. De la part de qui avez-vous été victime de discrimination au travail? Employé(e)s relevant de moi,3,97,9999,9999,9999,9999,9999,9999,9999,9999,3,99,9999,307.0,Health Canada,Santé Canada,4,Workplace,Milieu de travail,17,Discrimination,Discrimination
6,0,0,0,0,2022,,Health Canada,Santé Canada,,Q65d,"Question 65d. From whom did you experience discrimination on the job? Individuals for whom I have a custodial responsibility (e.g., inmates, offenders, patients, detainees)","Question 65d. De la part de qui avez-vous été victime de discrimination au travail? Personnes envers lesquelles j'ai une responsabilité de garde (p. ex. détenu(e)s, contrevenant(e)s, patient(e)s, personnes sous garde)",0,100,9999,9999,9999,9999,9999,9999,9999,9999,0,99,9999,405.0,Health Canada,Santé Canada,4,Workplace,Milieu de travail,17,Discrimination,Discrimination
6,0,0,0,0,2020,,Health Canada,Santé Canada,,Q65d,"Question 65d. From whom did you experience discrimination on the job? Individuals for whom I have a custodial responsibility (e.g., inmates, offenders, patients, detainees)","Question 65d. De la part de qui avez-vous été victime de discrimination au travail? Personnes envers lesquelles j'ai une responsabilité de garde (p. ex. détenu(e)s, contrevenant(e)s, patient(e)s, personnes sous garde)",0,100,9999,9999,9999,9999,9999,9999,9999,9999,0,99,9999,310.0,Health Canada,Santé Canada,4,Workplace,Milieu de travail,17,Discrimination,Discrimination
6,0,0,0,0,2019,,Health Canada,Santé Canada,,Q65d,"Question 65d. From whom did you experience discrimination on the job? Individuals for whom I have a custodial responsibility (e.g., inmates, offenders, patients, detainees)","Question 65d. De la part de qui avez-vous été victime de discrimination au travail? Personnes envers lesquelles j'ai une responsabilité de garde (p. ex. détenu(e)s, contrevenant(e)s, patient(e)s, personnes sous garde)",,,,,,,,,,,,,,,Health Canada,Santé Canada,4,Workplace,Milieu de travail,17,Discrimination,Discrimination
6,0,0,0,0,2018,,Health Canada,Santé Canada,,Q65d,"Question 65d. From whom did you experience discrimination on the job? Individuals for whom I have a custodial responsibility (e.g., inmates, offenders, patients, detainees)","Question 65d. De la part de qui avez-vous été victime de discrimination au travail? Personnes envers lesquelles j'ai une responsabilité de garde (p. ex. détenu(e)s, contrevenant(e)s, patient(e)s, personnes sous garde)",,,,,,,,,,,,,,,Health Canada,Santé Canada,4,Workplace,Milieu de travail,17,Discrimination,Discrimination
6,0,0,0,0,2022,,Health Canada,Santé Canada,,Q65e,Question 65e. From whom did you experience discrimination on the job? Individuals from other departments or agencies,Question 65e. De la part de qui avez-vous été victime de discrimination au travail? Personnes provenant d'autres ministères ou organismes,7,93,9999,9999,9999,9999,9999,9999,9999,9999,7,99,9999,405.0,Health Canada,Santé Canada,4,Workplace,Milieu de travail,17,Discrimination,Discrimination
6,0,0,0,0,2020,,Health Canada,Santé Canada,,Q65e,Question 65e. From whom did you experience discrimination on the job? Individuals from other departments or agencies,Question 65e. De la part de qui avez-vous été victime de discrimination au travail? Personnes provenant d'autres ministères ou organismes,9,91,9999,9999,9999,9999,9999,9999,9999,9999,9,99,9999,310.0,Health Canada,Santé Canada,4,Workplace,Milieu de travail,17,Discrimination,Discrimination
6,0,0,0,0,2019,,Health Canada,Santé Canada,,Q65e,Question 65e. From whom did you experience discrimination on the job? Individuals from other departments or agencies,Question 65e. De la part de qui avez-vous été victime de discrimination au travail? Personnes provenant d'autres ministères ou organismes,9,91,9999,9999,9999,9999,9999,9999,9999,9999,9,99,9999,367.0,Health Canada,Santé Canada,4,Workplace,Milieu de travail,17,Discrimination,Discrimination
6,0,0,0,0,2018,,Health Canada,Santé Canada,,Q65e,Question 65e. From whom did you experience discrimination on the job? Individuals from other departments or agencies,Question 65e. De la part de qui avez-vous été victime de discrimination au travail? Personnes provenant d'autres ministères ou organismes,8,92,9999,9999,9999,9999,9999,9999,9999,9999,8,99,9999,308.0,Health Canada,Santé Canada,4,Workplace,Milieu de travail,17,Discrimination,Discrimination
6,0,0,0,0,2022,,Health Canada,Santé Canada,,Q65f,Question 65f. From whom did you experience discrimination on the job? Members of the public (individuals or organizations),Question 65f. De la part de qui avez-vous été victime de discrimination au travail? Membres du public (personnes ou organisations),5,95,9999,9999,9999,9999,9999,9999,9999,9999,5,99,9999,405.0,Health Canada,Santé Canada,4,Workplace,Milieu de travail,17,Discrimination,Discrimination
6,0,0,0,0,2020,,Health Canada,Santé Canada,,Q65f,Question 65f. From whom did you experience discrimination on the job? Members of the public (individuals or organizations),Question 65f. De la part de qui avez-vous été victime de discrimination au travail? Membres du public (personnes ou organisations),5,95,9999,9999,9999,9999,9999,9999,9999,9999,5,99,9999,310.0,Health Canada,Santé Canada,4,Workplace,Milieu de travail,17,Discrimination,Discrimination
6,0,0,0,0,2019,,Health Canada,Santé Canada,,Q65f,Question 65f. From whom did you experience discrimination on the job? Members of the public (individuals or organizations),Question 65f. De la part de qui avez-vous été victime de discrimination au travail? Membres du public (personnes ou organisations),2,98,9999,9999,9999,9999,9999,9999,9999,9999,2,99,9999,367.0,Health Canada,Santé Canada,4,Workplace,Milieu de travail,17,Discrimination,Discrimination
6,0,0,0,0,2018,,Health Canada,Santé Canada,,Q65f,Question 65f. From whom did you experience discrimination on the job? Members of the public (individuals or organizations),Question 65f. De la part de qui avez-vous été victime de discrimination au travail? Membres du public (personnes ou organisations),5,95,9999,9999,9999,9999,9999,9999,9999,9999,5,99,9999,307.0,Health Canada,Santé Canada,4,Workplace,Milieu de travail,17,Discrimination,Discrimination
6,0,0,0,0,2022,,Health Canada,Santé Canada,,Q65g,Question 65g. From whom did you experience discrimination on the job? Other,Question 65g. De la part de qui avez-vous été victime de discrimination au travail? Autre,12,88,9999,9999,9999,9999,9999,9999,9999,9999,12,99,9999,405.0,Health Canada,Santé Canada,4,Workplace,Milieu de travail,17,Discrimination,Discrimination
6,0,0,0,0,2020,,Health Canada,Santé Canada,,Q65g,Question 65g. From whom did you experience discrimination on the job? Other,Question 65g. De la part de qui avez-vous été victime de discrimination au travail? Autre,8,92,9999,9999,9999,9999,9999,9999,9999,9999,8,99,9999,310.0,Health Canada,Santé Canada,4,Workplace,Milieu de travail,17,Discrimination,Discrimination
6,0,0,0,0,2019,,Health Canada,Santé Canada,,Q65g,Question 65g. From whom did you experience discrimination on the job? Other,Question 65g. De la part de qui avez-vous été victime de discrimination au travail? Autre,9,91,9999,9999,9999,9999,9999,9999,9999,9999,9,99,9999,367.0,Health Canada,Santé Canada,4,Workplace,Milieu de travail,17,Discrimination,Discrimination
6,0,0,0,0,2018,,Health Canada,Santé Canada,,Q65g,Question 65g. From whom did you experience discrimination on the job? Other,Question 65g. De la part de qui avez-vous été victime de discrimination au travail? Autre,12,88,9999,9999,9999,9999,9999,9999,9999,9999,12,99,9999,307.0,Health Canada,Santé Canada,4,Workplace,Milieu de travail,17,Discrimination,Discrimination
6,0,0,0,0,2022,,Health Canada,Santé Canada,,Q66a,Question 66a. Please indicate the type of discrimination you experienced. Race,Question 66a. Veuillez indiquer le type de discrimination dont vous avez fait l'objet. Race,29,71,9999,9999,9999,9999,9999,9999,9999,9999,29,99,9999,400.0,Health Canada,Santé Canada,4,Workplace,Milieu de travail,17,Discrimination,Discrimination
6,0,0,0,0,2020,,Health Canada,Santé Canada,,Q66a,Question 66a. Please indicate the type of discrimination you experienced. Race,Question 66a. Veuillez indiquer le type de discrimination dont vous avez fait l'objet. Race,30,70,9999,9999,9999,9999,9999,9999,9999,9999,30,99,9999,310.0,Health Canada,Santé Canada,4,Workplace,Milieu de travail,17,Discrimination,Discrimination
6,0,0,0,0,2019,,Health Canada,Santé Canada,,Q66a,Question 66a. Please indicate the type of discrimination you experienced. Race,Question 66a. Veuillez indiquer le type de discrimination dont vous avez fait l'objet. Race,27,73,9999,9999,9999,9999,9999,9999,9999,9999,27,99,9999,360.0,Health Canada,Santé Canada,4,Workplace,Milieu de travail,17,Discrimination,Discrimination
6,0,0,0,0,2018,,Health Canada,Santé Canada,,Q66a,Question 66a. Please indicate the type of discrimination you experienced. Race,Question 66a. Veuillez indiquer le type de discrimination dont vous avez fait l'objet. Race,27,73,9999,9999,9999,9999,9999,9999,9999,9999,27,99,9999,307.0,Health Canada,Santé Canada,4,Workplace,Milieu de travail,17,Discrimination,Discrimination
6,0,0,0,0,2022,,Health Canada,Santé Canada,,Q66b,Question 66b. Please indicate the type of discrimination you experienced. National or ethnic origin,Question 66b. Veuillez indiquer le type de discrimination dont vous avez fait l'objet. Origine nationale ou ethnique,20,80,9999,9999,9999,9999,9999,9999,9999,9999,20,99,9999,400.0,Health Canada,Santé Canada,4,Workplace,Milieu de travail,17,Discrimination,Discrimination
6,0,0,0,0,2020,,Health Canada,Santé Canada,,Q66b,Question 66b. Please indicate the type of discrimination you experienced. National or ethnic origin,Question 66b. Veuillez indiquer le type de discrimination dont vous avez fait l'objet. Origine nationale ou ethnique,24,76,9999,9999,9999,9999,9999,9999,9999,9999,24,99,9999,310.0,Health Canada,Santé Canada,4,Workplace,Milieu de travail,17,Discrimination,Discrimination
6,0,0,0,0,2019,,Health Canada,Santé Canada,,Q66b,Question 66b. Please indicate the type of discrimination you experienced. National or ethnic origin,Question 66b. Veuillez indiquer le type de discrimination dont vous avez fait l'objet. Origine nationale ou ethnique,22,78,9999,9999,9999,9999,9999,9999,9999,9999,22,99,9999,360.0,Health Canada,Santé Canada,4,Workplace,Milieu de travail,17,Discrimination,Discrimination
6,0,0,0,0,2018,,Health Canada,Santé Canada,,Q66b,Question 66b. Please indicate the type of discrimination you experienced. National or ethnic origin,Question 66b. Veuillez indiquer le type de discrimination dont vous avez fait l'objet. Origine nationale ou ethnique,23,77,9999,9999,9999,9999,9999,9999,9999,9999,23,99,9999,307.0,Health Canada,Santé Canada,4,Workplace,Milieu de travail,17,Discrimination,Discrimination
6,0,0,0,0,2022,,Health Canada,Santé Canada,,Q66c,Question 66c. Please indicate the type of discrimination you experienced. Colour,Question 66c. Veuillez indiquer le type de discrimination dont vous avez fait l'objet. Couleur,15,85,9999,9999,9999,9999,9999,9999,9999,9999,15,99,9999,400.0,Health Canada,Santé Canada,4,Workplace,Milieu de travail,17,Discrimination,Discrimination
6,0,0,0,0,2020,,Health Canada,Santé Canada,,Q66c,Question 66c. Please indicate the type of discrimination you experienced. Colour,Question 66c. Veuillez indiquer le type de discrimination dont vous avez fait l'objet. Couleur,17,83,9999,9999,9999,9999,9999,9999,9999,9999,17,99,9999,310.0,Health Canada,Santé Canada,4,Workplace,Milieu de travail,17,Discrimination,Discrimination
6,0,0,0,0,2019,,Health Canada,Santé Canada,,Q66c,Question 66c. Please indicate the type of discrimination you experienced. Colour,Question 66c. Veuillez indiquer le type de discrimination dont vous avez fait l'objet. Couleur,17,83,9999,9999,9999,9999,9999,9999,9999,9999,17,99,9999,360.0,Health Canada,Santé Canada,4,Workplace,Milieu de travail,17,Discrimination,Discrimination
6,0,0,0,0,2018,,Health Canada,Santé Canada,,Q66c,Question 66c. Please indicate the type of discrimination you experienced. Colour,Question 66c. Veuillez indiquer le type de discrimination dont vous avez fait l'objet. Couleur,16,84,9999,9999,9999,9999,9999,9999,9999,9999,16,99,9999,307.0,Health Canada,Santé Canada,4,Workplace,Milieu de travail,17,Discrimination,Discrimination
6,0,0,0,0,2022,,Health Canada,Santé Canada,,Q66d,Question 66d. Please indicate the type of discrimination you experienced. Religion,Question 66d. Veuillez indiquer le type de discrimination dont vous avez fait l'objet. Religion,9,91,9999,9999,9999,9999,9999,9999,9999,9999,9,99,9999,400.0,Health Canada,Santé Canada,4,Workplace,Milieu de travail,17,Discrimination,Discrimination
6,0,0,0,0,2020,,Health Canada,Santé Canada,,Q66d,Question 66d. Please indicate the type of discrimination you experienced. Religion,Question 66d. Veuillez indiquer le type de discrimination dont vous avez fait l'objet. Religion,7,93,9999,9999,9999,9999,9999,9999,9999,9999,7,99,9999,310.0,Health Canada,Santé Canada,4,Workplace,Milieu de travail,17,Discrimination,Discrimination
6,0,0,0,0,2019,,Health Canada,Santé Canada,,Q66d,Question 66d. Please indicate the type of discrimination you experienced. Religion,Question 66d. Veuillez indiquer le type de discrimination dont vous avez fait l'objet. Religion,10,90,9999,9999,9999,9999,9999,9999,9999,9999,10,99,9999,360.0,Health Canada,Santé Canada,4,Workplace,Milieu de travail,17,Discrimination,Discrimination
6,0,0,0,0,2018,,Health Canada,Santé Canada,,Q66d,Question 66d. Please indicate the type of discrimination you experienced. Religion,Question 66d. Veuillez indiquer le type de discrimination dont vous avez fait l'objet. Religion,7,93,9999,9999,9999,9999,9999,9999,9999,9999,7,99,9999,307.0,Health Canada,Santé Canada,4,Workplace,Milieu de travail,17,Discrimination,Discrimination
6,0,0,0,0,2022,,Health Canada,Santé Canada,,Q66e,Question 66e. Please indicate the type of discrimination you experienced. Age,Question 66e. Veuillez indiquer le type de discrimination dont vous avez fait l'objet. Âge,27,73,9999,9999,9999,9999,9999,9999,9999,9999,27,99,9999,400.0,Health Canada,Santé Canada,4,Workplace,Milieu de travail,17,Discrimination,Discrimination
6,0,0,0,0,2020,,Health Canada,Santé Canada,,Q66e,Question 66e. Please indicate the type of discrimination you experienced. Age,Question 66e. Veuillez indiquer le type de discrimination dont vous avez fait l'objet. Âge,26,74,9999,9999,9999,9999,9999,9999,9999,9999,26,99,9999,310.0,Health Canada,Santé Canada,4,Workplace,Milieu de travail,17,Discrimination,Discrimination
6,0,0,0,0,2019,,Health Canada,Santé Canada,,Q66e,Question 66e. Please indicate the type of discrimination you experienced. Age,Question 66e. Veuillez indiquer le type de discrimination dont vous avez fait l'objet. Âge,29,71,9999,9999,9999,9999,9999,9999,9999,9999,29,99,9999,360.0,Health Canada,Santé Canada,4,Workplace,Milieu de travail,17,Discrimination,Discrimination
6,0,0,0,0,2018,,Health Canada,Santé Canada,,Q66e,Question 66e. Please indicate the type of discrimination you experienced. Age,Question 66e. Veuillez indiquer le type de discrimination dont vous avez fait l'objet. Âge,25,75,9999,9999,9999,9999,9999,9999,9999,9999,25,99,9999,308.0,Health Canada,Santé Canada,4,Workplace,Milieu de travail,17,Discrimination,Discrimination
6,0,0,0,0,2022,,Health Canada,Santé Canada,,Q66f,Question 66f. Please indicate the type of discrimination you experienced. Sex,Question 66f. Veuillez indiquer le type de discrimination dont vous avez fait l'objet. Sexe,23,77,9999,9999,9999,9999,9999,9999,9999,9999,23,99,9999,400.0,Health Canada,Santé Canada,4,Workplace,Milieu de travail,17,Discrimination,Discrimination
6,0,0,0,0,2020,,Health Canada,Santé Canada,,Q66f,Question 66f. Please indicate the type of discrimination you experienced. Sex,Question 66f. Veuillez indiquer le type de discrimination dont vous avez fait l'objet. Sexe,18,82,9999,9999,9999,9999,9999,9999,9999,9999,18,99,9999,310.0,Health Canada,Santé Canada,4,Workplace,Milieu de travail,17,Discrimination,Discrimination
6,0,0,0,0,2019,,Health Canada,Santé Canada,,Q66f,Question 66f. Please indicate the type of discrimination you experienced. Sex,Question 66f. Veuillez indiquer le type de discrimination dont vous avez fait l'objet. Sexe,22,78,9999,9999,9999,9999,9999,9999,9999,9999,22,99,9999,360.0,Health Canada,Santé Canada,4,Workplace,Milieu de travail,17,Discrimination,Discrimination
6,0,0,0,0,2018,,Health Canada,Santé Canada,,Q66f,Question 66f. Please indicate the type of discrimination you experienced. Sex,Question 66f. Veuillez indiquer le type de discrimination dont vous avez fait l'objet. Sexe,21,79,9999,9999,9999,9999,9999,9999,9999,9999,21,99,9999,307.0,Health Canada,Santé Canada,4,Workplace,Milieu de travail,17,Discrimination,Discrimination
6,0,0,0,0,2022,,Health Canada,Santé Canada,,Q66g,Question 66g. Please indicate the type of discrimination you experienced. Sexual orientation,Question 66g. Veuillez indiquer le type de discrimination dont vous avez fait l'objet. Orientation sexuelle,4,96,9999,9999,9999,9999,9999,9999,9999,9999,4,99,9999,400.0,Health Canada,Santé Canada,4,Workplace,Milieu de travail,17,Discrimination,Discrimination
6,0,0,0,0,2020,,Health Canada,Santé Canada,,Q66g,Question 66g. Please indicate the type of discrimination you experienced. Sexual orientation,Question 66g. Veuillez indiquer le type de discrimination dont vous avez fait l'objet. Orientation sexuelle,2,98,9999,9999,9999,9999,9999,9999,9999,9999,2,99,9999,310.0,Health Canada,Santé Canada,4,Workplace,Milieu de travail,17,Discrimination,Discrimination
6,0,0,0,0,2019,,Health Canada,Santé Canada,,Q66g,Question 66g. Please indicate the type of discrimination you experienced. Sexual orientation,Question 66g. Veuillez indiquer le type de discrimination dont vous avez fait l'objet. Orientation sexuelle,4,96,9999,9999,9999,9999,9999,9999,9999,9999,4,99,9999,360.0,Health Canada,Santé Canada,4,Workplace,Milieu de travail,17,Discrimination,Discrimination
6,0,0,0,0,2018,,Health Canada,Santé Canada,,Q66g,Question 66g. Please indicate the type of discrimination you experienced. Sexual orientation,Question 66g. Veuillez indiquer le type de discrimination dont vous avez fait l'objet. Orientation sexuelle,2,98,9999,9999,9999,9999,9999,9999,9999,9999,2,99,9999,308.0,Health Canada,Santé Canada,4,Workplace,Milieu de travail,17,Discrimination,Discrimination
6,0,0,0,0,2022,,Health Canada,Santé Canada,,Q66h,"Question 66h. Please indicate the type of discrimination you experienced. Gender identity or expression (including gender diverse identities or expressions such as transgender, two-spirit, or non-binary)","Question 66h. Veuillez indiquer le type de discrimination dont vous avez fait l'objet. Identité ou expression de genre (incluant l'identité ou l'expression de divers genres telle que transgenre, bispirituelle ou non-binaire)",3,97,9999,9999,9999,9999,9999,9999,9999,9999,3,99,9999,400.0,Health Canada,Santé Canada,4,Workplace,Milieu de travail,17,Discrimination,Discrimination
6,0,0,0,0,2020,,Health Canada,Santé Canada,,Q66h,"Question 66h. Please indicate the type of discrimination you experienced. Gender identity or expression (including gender diverse identities or expressions such as transgender, two-spirit, or non-binary)","Question 66h. Veuillez indiquer le type de discrimination dont vous avez fait l'objet. Identité ou expression de genre (incluant l'identité ou l'expression de divers genres telle que transgenre, bispirituelle ou non-binaire)",,,,,,,,,,,,,,,Health Canada,Santé Canada,4,Workplace,Milieu de travail,17,Discrimination,Discrimination
6,0,0,0,0,2019,,Health Canada,Santé Canada,,Q66h,"Question 66h. Please indicate the type of discrimination you experienced. Gender identity or expression (including gender diverse identities or expressions such as transgender, two-spirit, or non-binary)","Question 66h. Veuillez indiquer le type de discrimination dont vous avez fait l'objet. Identité ou expression de genre (incluant l'identité ou l'expression de divers genres telle que transgenre, bispirituelle ou non-binaire)",,,,,,,,,,,,,,,Health Canada,Santé Canada,4,Workplace,Milieu de travail,17,Discrimination,Discrimination
6,0,0,0,0,2018,,Health Canada,Santé Canada,,Q66h,"Question 66h. Please indicate the type of discrimination you experienced. Gender identity or expression (including gender diverse identities or expressions such as transgender, two-spirit, or non-binary)","Question 66h. Veuillez indiquer le type de discrimination dont vous avez fait l'objet. Identité ou expression de genre (incluant l'identité ou l'expression de divers genres telle que transgenre, bispirituelle ou non-binaire)",,,,,,,,,,,,,,,Health Canada,Santé Canada,4,Workplace,Milieu de travail,17,Discrimination,Discrimination
6,0,0,0,0,2022,,Health Canada,Santé Canada,,Q66i,Question 66i. Please indicate the type of discrimination you experienced. Marital status,Question 66i. Veuillez indiquer le type de discrimination dont vous avez fait l'objet. État matrimonial,7,93,9999,9999,9999,9999,9999,9999,9999,9999,7,99,9999,400.0,Health Canada,Santé Canada,4,Workplace,Milieu de travail,17,Discrimination,Discrimination
6,0,0,0,0,2020,,Health Canada,Santé Canada,,Q66i,Question 66i. Please indicate the type of discrimination you experienced. Marital status,Question 66i. Veuillez indiquer le type de discrimination dont vous avez fait l'objet. État matrimonial,11,89,9999,9999,9999,9999,9999,9999,9999,9999,11,99,9999,310.0,Health Canada,Santé Canada,4,Workplace,Milieu de travail,17,Discrimination,Discrimination
6,0,0,0,0,2019,,Health Canada,Santé Canada,,Q66i,Question 66i. Please indicate the type of discrimination you experienced. Marital status,Question 66i. Veuillez indiquer le type de discrimination dont vous avez fait l'objet. État matrimonial,6,94,9999,9999,9999,9999,9999,9999,9999,9999,6,99,9999,360.0,Health Canada,Santé Canada,4,Workplace,Milieu de travail,17,Discrimination,Discrimination
6,0,0,0,0,2018,,Health Canada,Santé Canada,,Q66i,Question 66i. Please indicate the type of discrimination you experienced. Marital status,Question 66i. Veuillez indiquer le type de discrimination dont vous avez fait l'objet. État matrimonial,9,91,9999,9999,9999,9999,9999,9999,9999,9999,9,99,9999,307.0,Health Canada,Santé Canada,4,Workplace,Milieu de travail,17,Discrimination,Discrimination
6,0,0,0,0,2022,,Health Canada,Santé Canada,,Q66j,Question 66j. Please indicate the type of discrimination you experienced. Family status,Question 66j. Veuillez indiquer le type de discrimination dont vous avez fait l'objet. Situation familiale,15,85,9999,9999,9999,9999,9999,9999,9999,9999,15,99,9999,400.0,Health Canada,Santé Canada,4,Workplace,Milieu de travail,17,Discrimination,Discrimination
6,0,0,0,0,2020,,Health Canada,Santé Canada,,Q66j,Question 66j. Please indicate the type of discrimination you experienced. Family status,Question 66j. Veuillez indiquer le type de discrimination dont vous avez fait l'objet. Situation familiale,23,77,9999,9999,9999,9999,9999,9999,9999,9999,23,99,9999,310.0,Health Canada,Santé Canada,4,Workplace,Milieu de travail,17,Discrimination,Discrimination
6,0,0,0,0,2019,,Health Canada,Santé Canada,,Q66j,Question 66j. Please indicate the type of discrimination you experienced. Family status,Question 66j. Veuillez indiquer le type de discrimination dont vous avez fait l'objet. Situation familiale,15,85,9999,9999,9999,9999,9999,9999,9999,9999,15,99,9999,360.0,Health Canada,Santé Canada,4,Workplace,Milieu de travail,17,Discrimination,Discrimination
6,0,0,0,0,2018,,Health Canada,Santé Canada,,Q66j,Question 66j. Please indicate the type of discrimination you experienced. Family status,Question 66j. Veuillez indiquer le type de discrimination dont vous avez fait l'objet. Situation familiale,19,81,9999,9999,9999,9999,9999,9999,9999,9999,19,99,9999,307.0,Health Canada,Santé Canada,4,Workplace,Milieu de travail,17,Discrimination,Discrimination
6,0,0,0,0,2022,,Health Canada,Santé Canada,,Q66k,"Question 66k. Please indicate the type of discrimination you experienced. Genetic characteristics (including a requirement to undergo a genetic test, or disclose the results of a genetic test)","Question 66k. Veuillez indiquer le type de discrimination dont vous avez fait l'objet. Caractéristiques génétiques (y compris l'obligation de subir un test génétique, ou à communiquer les résultats d'un test génétique)",3,97,9999,9999,9999,9999,9999,9999,9999,9999,3,99,9999,400.0,Health Canada,Santé Canada,4,Workplace,Milieu de travail,17,Discrimination,Discrimination
6,0,0,0,0,2020,,Health Canada,Santé Canada,,Q66k,"Question 66k. Please indicate the type of discrimination you experienced. Genetic characteristics (including a requirement to undergo a genetic test, or disclose the results of a genetic test)","Question 66k. Veuillez indiquer le type de discrimination dont vous avez fait l'objet. Caractéristiques génétiques (y compris l'obligation de subir un test génétique, ou à communiquer les résultats d'un test génétique)",0,100,9999,9999,9999,9999,9999,9999,9999,9999,0,99,9999,310.0,Health Canada,Santé Canada,4,Workplace,Milieu de travail,17,Discrimination,Discrimination
6,0,0,0,0,2019,,Health Canada,Santé Canada,,Q66k,"Question 66k. Please indicate the type of discrimination you experienced. Genetic characteristics (including a requirement to undergo a genetic test, or disclose the results of a genetic test)","Question 66k. Veuillez indiquer le type de discrimination dont vous avez fait l'objet. Caractéristiques génétiques (y compris l'obligation de subir un test génétique, ou à communiquer les résultats d'un test génétique)",,,,,,,,,,,,,,,Health Canada,Santé Canada,4,Workplace,Milieu de travail,17,Discrimination,Discrimination
6,0,0,0,0,2018,,Health Canada,Santé Canada,,Q66k,"Question 66k. Please indicate the type of discrimination you experienced. Genetic characteristics (including a requirement to undergo a genetic test, or disclose the results of a genetic test)","Question 66k. Veuillez indiquer le type de discrimination dont vous avez fait l'objet. Caractéristiques génétiques (y compris l'obligation de subir un test génétique, ou à communiquer les résultats d'un test génétique)",,,,,,,,,,,,,,,Health Canada,Santé Canada,4,Workplace,Milieu de travail,17,Discrimination,Discrimination
6,0,0,0,0,2022,,Health Canada,Santé Canada,,Q66l,Question 66l. Please indicate the type of discrimination you experienced. Disability,Question 66l. Veuillez indiquer le type de discrimination dont vous avez fait l'objet. Déficience (ou handicap),17,83,9999,9999,9999,9999,9999,9999,9999,9999,17,99,9999,400.0,Health Canada,Santé Canada,4,Workplace,Milieu de travail,17,Discrimination,Discrimination
6,0,0,0,0,2020,,Health Canada,Santé Canada,,Q66l,Question 66l. Please indicate the type of discrimination you experienced. Disability,Question 66l. Veuillez indiquer le type de discrimination dont vous avez fait l'objet. Déficience (ou handicap),18,82,9999,9999,9999,9999,9999,9999,9999,9999,18,99,9999,310.0,Health Canada,Santé Canada,4,Workplace,Milieu de travail,17,Discrimination,Discrimination
6,0,0,0,0,2019,,Health Canada,Santé Canada,,Q66l,Question 66l. Please indicate the type of discrimination you experienced. Disability,Question 66l. Veuillez indiquer le type de discrimination dont vous avez fait l'objet. Déficience (ou handicap),16,84,9999,9999,9999,9999,9999,9999,9999,9999,16,99,9999,360.0,Health Canada,Santé Canada,4,Workplace,Milieu de travail,17,Discrimination,Discrimination
6,0,0,0,0,2018,,Health Canada,Santé Canada,,Q66l,Question 66l. Please indicate the type of discrimination you experienced. Disability,Question 66l. Veuillez indiquer le type de discrimination dont vous avez fait l'objet. Déficience (ou handicap),16,84,9999,9999,9999,9999,9999,9999,9999,9999,16,99,9999,307.0,Health Canada,Santé Canada,4,Workplace,Milieu de travail,17,Discrimination,Discrimination
6,0,0,0,0,2022,,Health Canada,Santé Canada,,Q66m,Question 66m. Please indicate the type of discrimination you experienced. Pardoned conviction or suspended record,Question 66m. Veuillez indiquer le type de discrimination dont vous avez fait l'objet. État de personne graciée,1,99,9999,9999,9999,9999,9999,9999,9999,9999,1,99,9999,400.0,Health Canada,Santé Canada,4,Workplace,Milieu de travail,17,Discrimination,Discrimination
6,0,0,0,0,2020,,Health Canada,Santé Canada,,Q66m,Question 66m. Please indicate the type of discrimination you experienced. Pardoned conviction or suspended record,Question 66m. Veuillez indiquer le type de discrimination dont vous avez fait l'objet. État de personne graciée,0,100,9999,9999,9999,9999,9999,9999,9999,9999,0,99,9999,310.0,Health Canada,Santé Canada,4,Workplace,Milieu de travail,17,Discrimination,Discrimination
6,0,0,0,0,2019,,Health Canada,Santé Canada,,Q66m,Question 66m. Please indicate the type of discrimination you experienced. Pardoned conviction or suspended record,Question 66m. Veuillez indiquer le type de discrimination dont vous avez fait l'objet. État de personne graciée,0,100,9999,9999,9999,9999,9999,9999,9999,9999,0,99,9999,360.0,Health Canada,Santé Canada,4,Workplace,Milieu de travail,17,Discrimination,Discrimination
6,0,0,0,0,2018,,Health Canada,Santé Canada,,Q66m,Question 66m. Please indicate the type of discrimination you experienced. Pardoned conviction or suspended record,Question 66m. Veuillez indiquer le type de discrimination dont vous avez fait l'objet. État de personne graciée,,,,,,,,,,,,,,,Health Canada,Santé Canada,4,Workplace,Milieu de travail,17,Discrimination,Discrimination
6,0,0,0,0,2022,,Health Canada,Santé Canada,,Q66n,Question 66n. Please indicate the type of discrimination you experienced. Other,Question 66n. Veuillez indiquer le type de discrimination dont vous avez fait l'objet. Autre,23,77,9999,9999,9999,9999,9999,9999,9999,9999,23,99,9999,400.0,Health Canada,Santé Canada,4,Workplace,Milieu de travail,17,Discrimination,Discrimination
6,0,0,0,0,2020,,Health Canada,Santé Canada,,Q66n,Question 66n. Please indicate the type of discrimination you experienced. Other,Question 66n. Veuillez indiquer le type de discrimination dont vous avez fait l'objet. Autre,16,84,9999,9999,9999,9999,9999,9999,9999,9999,16,99,9999,310.0,Health Canada,Santé Canada,4,Workplace,Milieu de travail,17,Discrimination,Discrimination
6,0,0,0,0,2019,,Health Canada,Santé Canada,,Q66n,Question 66n. Please indicate the type of discrimination you experienced. Other,Question 66n. Veuillez indiquer le type de discrimination dont vous avez fait l'objet. Autre,19,81,9999,9999,9999,9999,9999,9999,9999,9999,19,99,9999,360.0,Health Canada,Santé Canada,4,Workplace,Milieu de travail,17,Discrimination,Discrimination
6,0,0,0,0,2018,,Health Canada,Santé Canada,,Q66n,Question 66n. Please indicate the type of discrimination you experienced. Other,Question 66n. Veuillez indiquer le type de discrimination dont vous avez fait l'objet. Autre,23,77,9999,9999,9999,9999,9999,9999,9999,9999,23,99,9999,308.0,Health Canada,Santé Canada,4,Workplace,Milieu de travail,17,Discrimination,Discrimination
6,0,0,0,0,2022,,Health Canada,Santé Canada,,Q67a,Question 67a. What action(s) did you take to address the discrimination you experienced? I discussed the matter with my supervisor or a senior manager.,Question 67a. Quelle(s) mesure(s) avez-vous prise(s) pour régler le problème de discrimination dont vous avez fait l'objet? J'ai discuté du problème avec mon (ma) superviseur(e) ou un cadre supérieur.,27,73,9999,9999,9999,9999,9999,9999,9999,9999,27,99,9999,405.0,Health Canada,Santé Canada,4,Workplace,Milieu de travail,17,Discrimination,Discrimination
6,0,0,0,0,2020,,Health Canada,Santé Canada,,Q67a,Question 67a. What action(s) did you take to address the discrimination you experienced? I discussed the matter with my supervisor or a senior manager.,Question 67a. Quelle(s) mesure(s) avez-vous prise(s) pour régler le problème de discrimination dont vous avez fait l'objet? J'ai discuté du problème avec mon (ma) superviseur(e) ou un cadre supérieur.,31,69,9999,9999,9999,9999,9999,9999,9999,9999,31,99,9999,310.0,Health Canada,Santé Canada,4,Workplace,Milieu de travail,17,Discrimination,Discrimination
6,0,0,0,0,2019,,Health Canada,Santé Canada,,Q67a,Question 67a. What action(s) did you take to address the discrimination you experienced? I discussed the matter with my supervisor or a senior manager.,Question 67a. Quelle(s) mesure(s) avez-vous prise(s) pour régler le problème de discrimination dont vous avez fait l'objet? J'ai discuté du problème avec mon (ma) superviseur(e) ou un cadre supérieur.,27,73,9999,9999,9999,9999,9999,9999,9999,9999,27,99,9999,351.0,Health Canada,Santé Canada,4,Workplace,Milieu de travail,17,Discrimination,Discrimination
6,0,0,0,0,2018,,Health Canada,Santé Canada,,Q67a,Question 67a. What action(s) did you take to address the discrimination you experienced? I discussed the matter with my supervisor or a senior manager.,Question 67a. Quelle(s) mesure(s) avez-vous prise(s) pour régler le problème de discrimination dont vous avez fait l'objet? J'ai discuté du problème avec mon (ma) superviseur(e) ou un cadre supérieur.,27,73,9999,9999,9999,9999,9999,9999,9999,9999,27,99,9999,308.0,Health Canada,Santé Canada,4,Workplace,Milieu de travail,17,Discrimination,Discrimination
6,0,0,0,0,2022,,Health Canada,Santé Canada,,Q67b,Question 67b. What action(s) did you take to address the discrimination you experienced? I discussed the matter with the person(s) from whom I experienced the discrimination.,Question 67b. Quelle(s) mesure(s) avez-vous prise(s) pour régler le problème de discrimination dont vous avez fait l'objet? J'ai discuté du problème avec la ou les personne(s) par laquelle (lesquelles) j'ai été discriminé(e).,8,92,9999,9999,9999,9999,9999,9999,9999,9999,8,99,9999,405.0,Health Canada,Santé Canada,4,Workplace,Milieu de travail,17,Discrimination,Discrimination
6,0,0,0,0,2020,,Health Canada,Santé Canada,,Q67b,Question 67b. What action(s) did you take to address the discrimination you experienced? I discussed the matter with the person(s) from whom I experienced the discrimination.,Question 67b. Quelle(s) mesure(s) avez-vous prise(s) pour régler le problème de discrimination dont vous avez fait l'objet? J'ai discuté du problème avec la ou les personne(s) par laquelle (lesquelles) j'ai été discriminé(e).,12,88,9999,9999,9999,9999,9999,9999,9999,9999,12,99,9999,310.0,Health Canada,Santé Canada,4,Workplace,Milieu de travail,17,Discrimination,Discrimination
6,0,0,0,0,2019,,Health Canada,Santé Canada,,Q67b,Question 67b. What action(s) did you take to address the discrimination you experienced? I discussed the matter with the person(s) from whom I experienced the discrimination.,Question 67b. Quelle(s) mesure(s) avez-vous prise(s) pour régler le problème de discrimination dont vous avez fait l'objet? J'ai discuté du problème avec la ou les personne(s) par laquelle (lesquelles) j'ai été discriminé(e).,11,89,9999,9999,9999,9999,9999,9999,9999,9999,11,99,9999,351.0,Health Canada,Santé Canada,4,Workplace,Milieu de travail,17,Discrimination,Discrimination
6,0,0,0,0,2018,,Health Canada,Santé Canada,,Q67b,Question 67b. What action(s) did you take to address the discrimination you experienced? I discussed the matter with the person(s) from whom I experienced the discrimination.,Question 67b. Quelle(s) mesure(s) avez-vous prise(s) pour régler le problème de discrimination dont vous avez fait l'objet? J'ai discuté du problème avec la ou les personne(s) par laquelle (lesquelles) j'ai été discriminé(e).,13,87,9999,9999,9999,9999,9999,9999,9999,9999,13,99,9999,308.0,Health Canada,Santé Canada,4,Workplace,Milieu de travail,17,Discrimination,Discrimination
6,0,0,0,0,2022,,Health Canada,Santé Canada,,Q67c,Question 67c. What action(s) did you take to address the discrimination you experienced? I contacted a human resources advisor in my department or agency.,Question 67c. Quelle(s) mesure(s) avez-vous prise(s) pour régler le problème de discrimination dont vous avez fait l'objet? J'ai communiqué avec un(e) conseiller(ère) en ressources humaines de mon ministère ou organisme.,6,94,9999,9999,9999,9999,9999,9999,9999,9999,6,99,9999,405.0,Health Canada,Santé Canada,4,Workplace,Milieu de travail,17,Discrimination,Discrimination
6,0,0,0,0,2020,,Health Canada,Santé Canada,,Q67c,Question 67c. What action(s) did you take to address the discrimination you experienced? I contacted a human resources advisor in my department or agency.,Question 67c. Quelle(s) mesure(s) avez-vous prise(s) pour régler le problème de discrimination dont vous avez fait l'objet? J'ai communiqué avec un(e) conseiller(ère) en ressources humaines de mon ministère ou organisme.,5,95,9999,9999,9999,9999,9999,9999,9999,9999,5,99,9999,310.0,Health Canada,Santé Canada,4,Workplace,Milieu de travail,17,Discrimination,Discrimination
6,0,0,0,0,2019,,Health Canada,Santé Canada,,Q67c,Question 67c. What action(s) did you take to address the discrimination you experienced? I contacted a human resources advisor in my department or agency.,Question 67c. Quelle(s) mesure(s) avez-vous prise(s) pour régler le problème de discrimination dont vous avez fait l'objet? J'ai communiqué avec un(e) conseiller(ère) en ressources humaines de mon ministère ou organisme.,3,97,9999,9999,9999,9999,9999,9999,9999,9999,3,99,9999,351.0,Health Canada,Santé Canada,4,Workplace,Milieu de travail,17,Discrimination,Discrimination
6,0,0,0,0,2018,,Health Canada,Santé Canada,,Q67c,Question 67c. What action(s) did you take to address the discrimination you experienced? I contacted a human resources advisor in my department or agency.,Question 67c. Quelle(s) mesure(s) avez-vous prise(s) pour régler le problème de discrimination dont vous avez fait l'objet? J'ai communiqué avec un(e) conseiller(ère) en ressources humaines de mon ministère ou organisme.,5,95,9999,9999,9999,9999,9999,9999,9999,9999,5,99,9999,308.0,Health Canada,Santé Canada,4,Workplace,Milieu de travail,17,Discrimination,Discrimination
6,0,0,0,0,2022,,Health Canada,Santé Canada,,Q67d,Question 67d. What action(s) did you take to address the discrimination you experienced? I contacted my union representative.,Question 67d. Quelle(s) mesure(s) avez-vous prise(s) pour régler le problème de discrimination dont vous avez fait l'objet? J'ai communiqué avec mon (ma) représentant(e) syndical(e).,13,87,9999,9999,9999,9999,9999,9999,9999,9999,13,99,9999,405.0,Health Canada,Santé Canada,4,Workplace,Milieu de travail,17,Discrimination,Discrimination
6,0,0,0,0,2020,,Health Canada,Santé Canada,,Q67d,Question 67d. What action(s) did you take to address the discrimination you experienced? I contacted my union representative.,Question 67d. Quelle(s) mesure(s) avez-vous prise(s) pour régler le problème de discrimination dont vous avez fait l'objet? J'ai communiqué avec mon (ma) représentant(e) syndical(e).,12,88,9999,9999,9999,9999,9999,9999,9999,9999,12,99,9999,310.0,Health Canada,Santé Canada,4,Workplace,Milieu de travail,17,Discrimination,Discrimination
6,0,0,0,0,2019,,Health Canada,Santé Canada,,Q67d,Question 67d. What action(s) did you take to address the discrimination you experienced? I contacted my union representative.,Question 67d. Quelle(s) mesure(s) avez-vous prise(s) pour régler le problème de discrimination dont vous avez fait l'objet? J'ai communiqué avec mon (ma) représentant(e) syndical(e).,11,89,9999,9999,9999,9999,9999,9999,9999,9999,11,99,9999,351.0,Health Canada,Santé Canada,4,Workplace,Milieu de travail,17,Discrimination,Discrimination
6,0,0,0,0,2018,,Health Canada,Santé Canada,,Q67d,Question 67d. What action(s) did you take to address the discrimination you experienced? I contacted my union representative.,Question 67d. Quelle(s) mesure(s) avez-vous prise(s) pour régler le problème de discrimination dont vous avez fait l'objet? J'ai communiqué avec mon (ma) représentant(e) syndical(e).,18,82,9999,9999,9999,9999,9999,9999,9999,9999,18,99,9999,308.0,Health Canada,Santé Canada,4,Workplace,Milieu de travail,17,Discrimination,Discrimination
6,0,0,0,0,2022,,Health Canada,Santé Canada,,Q67e,Question 67e. What action(s) did you take to address the discrimination you experienced? I used an informal conflict resolution process.,Question 67e. Quelle(s) mesure(s) avez-vous prise(s) pour régler le problème de discrimination dont vous avez fait l'objet? J'ai eu recours à un processus informel de résolution des conflits.,5,95,9999,9999,9999,9999,9999,9999,9999,9999,5,99,9999,405.0,Health Canada,Santé Canada,4,Workplace,Milieu de travail,17,Discrimination,Discrimination
6,0,0,0,0,2020,,Health Canada,Santé Canada,,Q67e,Question 67e. What action(s) did you take to address the discrimination you experienced? I used an informal conflict resolution process.,Question 67e. Quelle(s) mesure(s) avez-vous prise(s) pour régler le problème de discrimination dont vous avez fait l'objet? J'ai eu recours à un processus informel de résolution des conflits.,5,95,9999,9999,9999,9999,9999,9999,9999,9999,5,99,9999,310.0,Health Canada,Santé Canada,4,Workplace,Milieu de travail,17,Discrimination,Discrimination
6,0,0,0,0,2019,,Health Canada,Santé Canada,,Q67e,Question 67e. What action(s) did you take to address the discrimination you experienced? I used an informal conflict resolution process.,Question 67e. Quelle(s) mesure(s) avez-vous prise(s) pour régler le problème de discrimination dont vous avez fait l'objet? J'ai eu recours à un processus informel de résolution des conflits.,5,95,9999,9999,9999,9999,9999,9999,9999,9999,5,99,9999,351.0,Health Canada,Santé Canada,4,Workplace,Milieu de travail,17,Discrimination,Discrimination
6,0,0,0,0,2018,,Health Canada,Santé Canada,,Q67e,Question 67e. What action(s) did you take to address the discrimination you experienced? I used an informal conflict resolution process.,Question 67e. Quelle(s) mesure(s) avez-vous prise(s) pour régler le problème de discrimination dont vous avez fait l'objet? J'ai eu recours à un processus informel de résolution des conflits.,6,94,9999,9999,9999,9999,9999,9999,9999,9999,6,99,9999,308.0,Health Canada,Santé Canada,4,Workplace,Milieu de travail,17,Discrimination,Discrimination
6,0,0,0,0,2022,,Health Canada,Santé Canada,,Q67f,Question 67f. What action(s) did you take to address the discrimination you experienced? I filed a grievance or formal complaint.,Question 67f. Quelle(s) mesure(s) avez-vous prise(s) pour régler le problème de discrimination dont vous avez fait l'objet? J'ai déposé un grief ou une plainte officielle.,6,94,9999,9999,9999,9999,9999,9999,9999,9999,6,99,9999,405.0,Health Canada,Santé Canada,4,Workplace,Milieu de travail,17,Discrimination,Discrimination
6,0,0,0,0,2020,,Health Canada,Santé Canada,,Q67f,Question 67f. What action(s) did you take to address the discrimination you experienced? I filed a grievance or formal complaint.,Question 67f. Quelle(s) mesure(s) avez-vous prise(s) pour régler le problème de discrimination dont vous avez fait l'objet? J'ai déposé un grief ou une plainte officielle.,5,95,9999,9999,9999,9999,9999,9999,9999,9999,5,99,9999,310.0,Health Canada,Santé Canada,4,Workplace,Milieu de travail,17,Discrimination,Discrimination
6,0,0,0,0,2019,,Health Canada,Santé Canada,,Q67f,Question 67f. What action(s) did you take to address the discrimination you experienced? I filed a grievance or formal complaint.,Question 67f. Quelle(s) mesure(s) avez-vous prise(s) pour régler le problème de discrimination dont vous avez fait l'objet? J'ai déposé un grief ou une plainte officielle.,4,96,9999,9999,9999,9999,9999,9999,9999,9999,4,99,9999,351.0,Health Canada,Santé Canada,4,Workplace,Milieu de travail,17,Discrimination,Discrimination
6,0,0,0,0,2018,,Health Canada,Santé Canada,,Q67f,Question 67f. What action(s) did you take to address the discrimination you experienced? I filed a grievance or formal complaint.,Question 67f. Quelle(s) mesure(s) avez-vous prise(s) pour régler le problème de discrimination dont vous avez fait l'objet? J'ai déposé un grief ou une plainte officielle.,7,93,9999,9999,9999,9999,9999,9999,9999,9999,7,99,9999,308.0,Health Canada,Santé Canada,4,Workplace,Milieu de travail,17,Discrimination,Discrimination
6,0,0,0,0,2022,,Health Canada,Santé Canada,,Q67g,Question 67g. What action(s) did you take to address the discrimination you experienced? I resolved the matter informally on my own.,Question 67g. Quelle(s) mesure(s) avez-vous prise(s) pour régler le problème de discrimination dont vous avez fait l'objet? J'ai réglé la question de façon informelle par moi-même.,5,95,9999,9999,9999,9999,9999,9999,9999,9999,5,99,9999,405.0,Health Canada,Santé Canada,4,Workplace,Milieu de travail,17,Discrimination,Discrimination
6,0,0,0,0,2020,,Health Canada,Santé Canada,,Q67g,Question 67g. What action(s) did you take to address the discrimination you experienced? I resolved the matter informally on my own.,Question 67g. Quelle(s) mesure(s) avez-vous prise(s) pour régler le problème de discrimination dont vous avez fait l'objet? J'ai réglé la question de façon informelle par moi-même.,5,95,9999,9999,9999,9999,9999,9999,9999,9999,5,99,9999,310.0,Health Canada,Santé Canada,4,Workplace,Milieu de travail,17,Discrimination,Discrimination
6,0,0,0,0,2019,,Health Canada,Santé Canada,,Q67g,Question 67g. What action(s) did you take to address the discrimination you experienced? I resolved the matter informally on my own.,Question 67g. Quelle(s) mesure(s) avez-vous prise(s) pour régler le problème de discrimination dont vous avez fait l'objet? J'ai réglé la question de façon informelle par moi-même.,6,94,9999,9999,9999,9999,9999,9999,9999,9999,6,99,9999,351.0,Health Canada,Santé Canada,4,Workplace,Milieu de travail,17,Discrimination,Discrimination
6,0,0,0,0,2018,,Health Canada,Santé Canada,,Q67g,Question 67g. What action(s) did you take to address the discrimination you experienced? I resolved the matter informally on my own.,Question 67g. Quelle(s) mesure(s) avez-vous prise(s) pour régler le problème de discrimination dont vous avez fait l'objet? J'ai réglé la question de façon informelle par moi-même.,7,93,9999,9999,9999,9999,9999,9999,9999,9999,7,99,9999,308.0,Health Canada,Santé Canada,4,Workplace,Milieu de travail,17,Discrimination,Discrimination
6,0,0,0,0,2022,,Health Canada,Santé Canada,,Q67h,Question 67h. What action(s) did you take to address the discrimination you experienced? Other,Question 67h. Quelle(s) mesure(s) avez-vous prise(s) pour régler le problème de discrimination dont vous avez fait l'objet? Autre,10,90,9999,9999,9999,9999,9999,9999,9999,9999,10,99,9999,405.0,Health Canada,Santé Canada,4,Workplace,Milieu de travail,17,Discrimination,Discrimination
6,0,0,0,0,2020,,Health Canada,Santé Canada,,Q67h,Question 67h. What action(s) did you take to address the discrimination you experienced? Other,Question 67h. Quelle(s) mesure(s) avez-vous prise(s) pour régler le problème de discrimination dont vous avez fait l'objet? Autre,9,91,9999,9999,9999,9999,9999,9999,9999,9999,9,99,9999,310.0,Health Canada,Santé Canada,4,Workplace,Milieu de travail,17,Discrimination,Discrimination
6,0,0,0,0,2019,,Health Canada,Santé Canada,,Q67h,Question 67h. What action(s) did you take to address the discrimination you experienced? Other,Question 67h. Quelle(s) mesure(s) avez-vous prise(s) pour régler le problème de discrimination dont vous avez fait l'objet? Autre,7,93,9999,9999,9999,9999,9999,9999,9999,9999,7,99,9999,351.0,Health Canada,Santé Canada,4,Workplace,Milieu de travail,17,Discrimination,Discrimination
6,0,0,0,0,2018,,Health Canada,Santé Canada,,Q67h,Question 67h. What action(s) did you take to address the discrimination you experienced? Other,Question 67h. Quelle(s) mesure(s) avez-vous prise(s) pour régler le problème de discrimination dont vous avez fait l'objet? Autre,10,90,9999,9999,9999,9999,9999,9999,9999,9999,10,99,9999,308.0,Health Canada,Santé Canada,4,Workplace,Milieu de travail,17,Discrimination,Discrimination
6,0,0,0,0,2022,,Health Canada,Santé Canada,,Q67i,Question 67i. What action(s) did you take to address the discrimination you experienced? I took no action.,Question 67i. Quelle(s) mesure(s) avez-vous prise(s) pour régler le problème de discrimination dont vous avez fait l'objet? Je n'ai pris aucune mesure.,55,45,9999,9999,9999,9999,9999,9999,9999,9999,55,99,9999,405.0,Health Canada,Santé Canada,4,Workplace,Milieu de travail,17,Discrimination,Discrimination
6,0,0,0,0,2020,,Health Canada,Santé Canada,,Q67i,Question 67i. What action(s) did you take to address the discrimination you experienced? I took no action.,Question 67i. Quelle(s) mesure(s) avez-vous prise(s) pour régler le problème de discrimination dont vous avez fait l'objet? Je n'ai pris aucune mesure.,53,47,9999,9999,9999,9999,9999,9999,9999,9999,53,99,9999,310.0,Health Canada,Santé Canada,4,Workplace,Milieu de travail,17,Discrimination,Discrimination
6,0,0,0,0,2019,,Health Canada,Santé Canada,,Q67i,Question 67i. What action(s) did you take to address the discrimination you experienced? I took no action.,Question 67i. Quelle(s) mesure(s) avez-vous prise(s) pour régler le problème de discrimination dont vous avez fait l'objet? Je n'ai pris aucune mesure.,53,47,9999,9999,9999,9999,9999,9999,9999,9999,53,99,9999,351.0,Health Canada,Santé Canada,4,Workplace,Milieu de travail,17,Discrimination,Discrimination
6,0,0,0,0,2018,,Health Canada,Santé Canada,,Q67i,Question 67i. What action(s) did you take to address the discrimination you experienced? I took no action.,Question 67i. Quelle(s) mesure(s) avez-vous prise(s) pour régler le problème de discrimination dont vous avez fait l'objet? Je n'ai pris aucune mesure.,49,51,9999,9999,9999,9999,9999,9999,9999,9999,49,99,9999,309.0,Health Canada,Santé Canada,4,Workplace,Milieu de travail,17,Discrimination,Discrimination
6,0,0,0,0,2022,,Health Canada,Santé Canada,,Q68a,Question 68a. Why did you not file a grievance or formal complaint about the discrimination you experienced? The issue was resolved.,Question 68a. Pourquoi n'avez-vous pas déposé un grief ou une plainte officielle concernant la discrimination dont vous avez fait l'objet? La situation a été réglée.,4,96,9999,9999,9999,9999,9999,9999,9999,9999,4,99,9999,380.0,Health Canada,Santé Canada,4,Workplace,Milieu de travail,17,Discrimination,Discrimination
6,0,0,0,0,2020,,Health Canada,Santé Canada,,Q68a,Question 68a. Why did you not file a grievance or formal complaint about the discrimination you experienced? The issue was resolved.,Question 68a. Pourquoi n'avez-vous pas déposé un grief ou une plainte officielle concernant la discrimination dont vous avez fait l'objet? La situation a été réglée.,2,98,9999,9999,9999,9999,9999,9999,9999,9999,2,99,9999,294.0,Health Canada,Santé Canada,4,Workplace,Milieu de travail,17,Discrimination,Discrimination
6,0,0,0,0,2019,,Health Canada,Santé Canada,,Q68a,Question 68a. Why did you not file a grievance or formal complaint about the discrimination you experienced? The issue was resolved.,Question 68a. Pourquoi n'avez-vous pas déposé un grief ou une plainte officielle concernant la discrimination dont vous avez fait l'objet? La situation a été réglée.,5,95,9999,9999,9999,9999,9999,9999,9999,9999,5,99,9999,318.0,Health Canada,Santé Canada,4,Workplace,Milieu de travail,17,Discrimination,Discrimination
6,0,0,0,0,2018,,Health Canada,Santé Canada,,Q68a,Question 68a. Why did you not file a grievance or formal complaint about the discrimination you experienced? The issue was resolved.,Question 68a. Pourquoi n'avez-vous pas déposé un grief ou une plainte officielle concernant la discrimination dont vous avez fait l'objet? La situation a été réglée.,3,97,9999,9999,9999,9999,9999,9999,9999,9999,3,99,9999,287.0,Health Canada,Santé Canada,4,Workplace,Milieu de travail,17,Discrimination,Discrimination
6,0,0,0,0,2022,,Health Canada,Santé Canada,,Q68b,Question 68b. Why did you not file a grievance or formal complaint about the discrimination you experienced? I did not think the incident was serious enough.,Question 68b. Pourquoi n'avez-vous pas déposé un grief ou une plainte officielle concernant la discrimination dont vous avez fait l'objet? Je ne pensais pas que l'incident était assez grave.,17,83,9999,9999,9999,9999,9999,9999,9999,9999,17,99,9999,380.0,Health Canada,Santé Canada,4,Workplace,Milieu de travail,17,Discrimination,Discrimination
6,0,0,0,0,2020,,Health Canada,Santé Canada,,Q68b,Question 68b. Why did you not file a grievance or formal complaint about the discrimination you experienced? I did not think the incident was serious enough.,Question 68b. Pourquoi n'avez-vous pas déposé un grief ou une plainte officielle concernant la discrimination dont vous avez fait l'objet? Je ne pensais pas que l'incident était assez grave.,18,82,9999,9999,9999,9999,9999,9999,9999,9999,18,99,9999,294.0,Health Canada,Santé Canada,4,Workplace,Milieu de travail,17,Discrimination,Discrimination
6,0,0,0,0,2019,,Health Canada,Santé Canada,,Q68b,Question 68b. Why did you not file a grievance or formal complaint about the discrimination you experienced? I did not think the incident was serious enough.,Question 68b. Pourquoi n'avez-vous pas déposé un grief ou une plainte officielle concernant la discrimination dont vous avez fait l'objet? Je ne pensais pas que l'incident était assez grave.,17,83,9999,9999,9999,9999,9999,9999,9999,9999,17,99,9999,318.0,Health Canada,Santé Canada,4,Workplace,Milieu de travail,17,Discrimination,Discrimination
6,0,0,0,0,2018,,Health Canada,Santé Canada,,Q68b,Question 68b. Why did you not file a grievance or formal complaint about the discrimination you experienced? I did not think the incident was serious enough.,Question 68b. Pourquoi n'avez-vous pas déposé un grief ou une plainte officielle concernant la discrimination dont vous avez fait l'objet? Je ne pensais pas que l'incident était assez grave.,12,88,9999,9999,9999,9999,9999,9999,9999,9999,12,99,9999,287.0,Health Canada,Santé Canada,4,Workplace,Milieu de travail,17,Discrimination,Discrimination
6,0,0,0,0,2022,,Health Canada,Santé Canada,,Q68c,Question 68c. Why did you not file a grievance or formal complaint about the discrimination you experienced? The behaviour stopped.,Question 68c. Pourquoi n'avez-vous pas déposé un grief ou une plainte officielle concernant la discrimination dont vous avez fait l'objet? Le comportement s'est arrêté.,3,97,9999,9999,9999,9999,9999,9999,9999,9999,3,99,9999,380.0,Health Canada,Santé Canada,4,Workplace,Milieu de travail,17,Discrimination,Discrimination
6,0,0,0,0,2020,,Health Canada,Santé Canada,,Q68c,Question 68c. Why did you not file a grievance or formal complaint about the discrimination you experienced? The behaviour stopped.,Question 68c. Pourquoi n'avez-vous pas déposé un grief ou une plainte officielle concernant la discrimination dont vous avez fait l'objet? Le comportement s'est arrêté.,3,97,9999,9999,9999,9999,9999,9999,9999,9999,3,99,9999,294.0,Health Canada,Santé Canada,4,Workplace,Milieu de travail,17,Discrimination,Discrimination
6,0,0,0,0,2019,,Health Canada,Santé Canada,,Q68c,Question 68c. Why did you not file a grievance or formal complaint about the discrimination you experienced? The behaviour stopped.,Question 68c. Pourquoi n'avez-vous pas déposé un grief ou une plainte officielle concernant la discrimination dont vous avez fait l'objet? Le comportement s'est arrêté.,2,98,9999,9999,9999,9999,9999,9999,9999,9999,2,99,9999,318.0,Health Canada,Santé Canada,4,Workplace,Milieu de travail,17,Discrimination,Discrimination
6,0,0,0,0,2018,,Health Canada,Santé Canada,,Q68c,Question 68c. Why did you not file a grievance or formal complaint about the discrimination you experienced? The behaviour stopped.,Question 68c. Pourquoi n'avez-vous pas déposé un grief ou une plainte officielle concernant la discrimination dont vous avez fait l'objet? Le comportement s'est arrêté.,4,96,9999,9999,9999,9999,9999,9999,9999,9999,4,99,9999,287.0,Health Canada,Santé Canada,4,Workplace,Milieu de travail,17,Discrimination,Discrimination
6,0,0,0,0,2022,,Health Canada,Santé Canada,,Q68d,Question 68d. Why did you not file a grievance or formal complaint about the discrimination you experienced? The individual apologized.,Question 68d. Pourquoi n'avez-vous pas déposé un grief ou une plainte officielle concernant la discrimination dont vous avez fait l'objet? La personne s'est excusée.,2,98,9999,9999,9999,9999,9999,9999,9999,9999,2,99,9999,380.0,Health Canada,Santé Canada,4,Workplace,Milieu de travail,17,Discrimination,Discrimination
6,0,0,0,0,2020,,Health Canada,Santé Canada,,Q68d,Question 68d. Why did you not file a grievance or formal complaint about the discrimination you experienced? The individual apologized.,Question 68d. Pourquoi n'avez-vous pas déposé un grief ou une plainte officielle concernant la discrimination dont vous avez fait l'objet? La personne s'est excusée.,,,,,,,,,,,,,,,Health Canada,Santé Canada,4,Workplace,Milieu de travail,17,Discrimination,Discrimination
6,0,0,0,0,2019,,Health Canada,Santé Canada,,Q68d,Question 68d. Why did you not file a grievance or formal complaint about the discrimination you experienced? The individual apologized.,Question 68d. Pourquoi n'avez-vous pas déposé un grief ou une plainte officielle concernant la discrimination dont vous avez fait l'objet? La personne s'est excusée.,3,97,9999,9999,9999,9999,9999,9999,9999,9999,3,99,9999,318.0,Health Canada,Santé Canada,4,Workplace,Milieu de travail,17,Discrimination,Discrimination
6,0,0,0,0,2018,,Health Canada,Santé Canada,,Q68d,Question 68d. Why did you not file a grievance or formal complaint about the discrimination you experienced? The individual apologized.,Question 68d. Pourquoi n'avez-vous pas déposé un grief ou une plainte officielle concernant la discrimination dont vous avez fait l'objet? La personne s'est excusée.,2,98,9999,9999,9999,9999,9999,9999,9999,9999,2,99,9999,287.0,Health Canada,Santé Canada,4,Workplace,Milieu de travail,17,Discrimination,Discrimination
6,0,0,0,0,2022,,Health Canada,Santé Canada,,Q68e,Question 68e. Why did you not file a grievance or formal complaint about the discrimination you experienced? Management intervened.,Question 68e. Pourquoi n'avez-vous pas déposé un grief ou une plainte officielle concernant la discrimination dont vous avez fait l'objet? La direction est intervenue.,1,99,9999,9999,9999,9999,9999,9999,9999,9999,1,99,9999,380.0,Health Canada,Santé Canada,4,Workplace,Milieu de travail,17,Discrimination,Discrimination
6,0,0,0,0,2020,,Health Canada,Santé Canada,,Q68e,Question 68e. Why did you not file a grievance or formal complaint about the discrimination you experienced? Management intervened.,Question 68e. Pourquoi n'avez-vous pas déposé un grief ou une plainte officielle concernant la discrimination dont vous avez fait l'objet? La direction est intervenue.,3,97,9999,9999,9999,9999,9999,9999,9999,9999,3,99,9999,294.0,Health Canada,Santé Canada,4,Workplace,Milieu de travail,17,Discrimination,Discrimination
6,0,0,0,0,2019,,Health Canada,Santé Canada,,Q68e,Question 68e. Why did you not file a grievance or formal complaint about the discrimination you experienced? Management intervened.,Question 68e. Pourquoi n'avez-vous pas déposé un grief ou une plainte officielle concernant la discrimination dont vous avez fait l'objet? La direction est intervenue.,5,95,9999,9999,9999,9999,9999,9999,9999,9999,5,99,9999,318.0,Health Canada,Santé Canada,4,Workplace,Milieu de travail,17,Discrimination,Discrimination
6,0,0,0,0,2018,,Health Canada,Santé Canada,,Q68e,Question 68e. Why did you not file a grievance or formal complaint about the discrimination you experienced? Management intervened.,Question 68e. Pourquoi n'avez-vous pas déposé un grief ou une plainte officielle concernant la discrimination dont vous avez fait l'objet? La direction est intervenue.,4,96,9999,9999,9999,9999,9999,9999,9999,9999,4,99,9999,287.0,Health Canada,Santé Canada,4,Workplace,Milieu de travail,17,Discrimination,Discrimination
6,0,0,0,0,2022,,Health Canada,Santé Canada,,Q68f,Question 68f. Why did you not file a grievance or formal complaint about the discrimination you experienced? The individual left or changed jobs.,Question 68f. Pourquoi n'avez-vous pas déposé un grief ou une plainte officielle concernant la discrimination dont vous avez fait l'objet? La personne a quitté ou changé d'emploi.,3,97,9999,9999,9999,9999,9999,9999,9999,9999,3,99,9999,380.0,Health Canada,Santé Canada,4,Workplace,Milieu de travail,17,Discrimination,Discrimination
6,0,0,0,0,2020,,Health Canada,Santé Canada,,Q68f,Question 68f. Why did you not file a grievance or formal complaint about the discrimination you experienced? The individual left or changed jobs.,Question 68f. Pourquoi n'avez-vous pas déposé un grief ou une plainte officielle concernant la discrimination dont vous avez fait l'objet? La personne a quitté ou changé d'emploi.,4,96,9999,9999,9999,9999,9999,9999,9999,9999,4,99,9999,294.0,Health Canada,Santé Canada,4,Workplace,Milieu de travail,17,Discrimination,Discrimination
6,0,0,0,0,2019,,Health Canada,Santé Canada,,Q68f,Question 68f. Why did you not file a grievance or formal complaint about the discrimination you experienced? The individual left or changed jobs.,Question 68f. Pourquoi n'avez-vous pas déposé un grief ou une plainte officielle concernant la discrimination dont vous avez fait l'objet? La personne a quitté ou changé d'emploi.,5,95,9999,9999,9999,9999,9999,9999,9999,9999,5,99,9999,318.0,Health Canada,Santé Canada,4,Workplace,Milieu de travail,17,Discrimination,Discrimination
6,0,0,0,0,2018,,Health Canada,Santé Canada,,Q68f,Question 68f. Why did you not file a grievance or formal complaint about the discrimination you experienced? The individual left or changed jobs.,Question 68f. Pourquoi n'avez-vous pas déposé un grief ou une plainte officielle concernant la discrimination dont vous avez fait l'objet? La personne a quitté ou changé d'emploi.,4,96,9999,9999,9999,9999,9999,9999,9999,9999,4,99,9999,287.0,Health Canada,Santé Canada,4,Workplace,Milieu de travail,17,Discrimination,Discrimination
6,0,0,0,0,2022,,Health Canada,Santé Canada,,Q68g,Question 68g. Why did you not file a grievance or formal complaint about the discrimination you experienced? I changed jobs.,Question 68g. Pourquoi n'avez-vous pas déposé un grief ou une plainte officielle concernant la discrimination dont vous avez fait l'objet? J'ai changé d'emploi.,9,91,9999,9999,9999,9999,9999,9999,9999,9999,9,99,9999,380.0,Health Canada,Santé Canada,4,Workplace,Milieu de travail,17,Discrimination,Discrimination
6,0,0,0,0,2020,,Health Canada,Santé Canada,,Q68g,Question 68g. Why did you not file a grievance or formal complaint about the discrimination you experienced? I changed jobs.,Question 68g. Pourquoi n'avez-vous pas déposé un grief ou une plainte officielle concernant la discrimination dont vous avez fait l'objet? J'ai changé d'emploi.,11,89,9999,9999,9999,9999,9999,9999,9999,9999,11,99,9999,294.0,Health Canada,Santé Canada,4,Workplace,Milieu de travail,17,Discrimination,Discrimination
6,0,0,0,0,2019,,Health Canada,Santé Canada,,Q68g,Question 68g. Why did you not file a grievance or formal complaint about the discrimination you experienced? I changed jobs.,Question 68g. Pourquoi n'avez-vous pas déposé un grief ou une plainte officielle concernant la discrimination dont vous avez fait l'objet? J'ai changé d'emploi.,9,91,9999,9999,9999,9999,9999,9999,9999,9999,9,99,9999,318.0,Health Canada,Santé Canada,4,Workplace,Milieu de travail,17,Discrimination,Discrimination
6,0,0,0,0,2018,,Health Canada,Santé Canada,,Q68g,Question 68g. Why did you not file a grievance or formal complaint about the discrimination you experienced? I changed jobs.,Question 68g. Pourquoi n'avez-vous pas déposé un grief ou une plainte officielle concernant la discrimination dont vous avez fait l'objet? J'ai changé d'emploi.,11,89,9999,9999,9999,9999,9999,9999,9999,9999,11,99,9999,287.0,Health Canada,Santé Canada,4,Workplace,Milieu de travail,17,Discrimination,Discrimination
6,0,0,0,0,2022,,Health Canada,Santé Canada,,Q68h,"Question 68h. Why did you not file a grievance or formal complaint about the discrimination you experienced? I did not know what to do, where to go or whom to ask.","Question 68h. Pourquoi n'avez-vous pas déposé un grief ou une plainte officielle concernant la discrimination dont vous avez fait l'objet? Je ne savais pas quoi faire, où aller ou à qui parler.",14,86,9999,9999,9999,9999,9999,9999,9999,9999,14,99,9999,380.0,Health Canada,Santé Canada,4,Workplace,Milieu de travail,17,Discrimination,Discrimination
6,0,0,0,0,2020,,Health Canada,Santé Canada,,Q68h,"Question 68h. Why did you not file a grievance or formal complaint about the discrimination you experienced? I did not know what to do, where to go or whom to ask.","Question 68h. Pourquoi n'avez-vous pas déposé un grief ou une plainte officielle concernant la discrimination dont vous avez fait l'objet? Je ne savais pas quoi faire, où aller ou à qui parler.",12,88,9999,9999,9999,9999,9999,9999,9999,9999,12,99,9999,294.0,Health Canada,Santé Canada,4,Workplace,Milieu de travail,17,Discrimination,Discrimination
6,0,0,0,0,2019,,Health Canada,Santé Canada,,Q68h,"Question 68h. Why did you not file a grievance or formal complaint about the discrimination you experienced? I did not know what to do, where to go or whom to ask.","Question 68h. Pourquoi n'avez-vous pas déposé un grief ou une plainte officielle concernant la discrimination dont vous avez fait l'objet? Je ne savais pas quoi faire, où aller ou à qui parler.",12,88,9999,9999,9999,9999,9999,9999,9999,9999,12,99,9999,318.0,Health Canada,Santé Canada,4,Workplace,Milieu de travail,17,Discrimination,Discrimination
6,0,0,0,0,2018,,Health Canada,Santé Canada,,Q68h,"Question 68h. Why did you not file a grievance or formal complaint about the discrimination you experienced? I did not know what to do, where to go or whom to ask.","Question 68h. Pourquoi n'avez-vous pas déposé un grief ou une plainte officielle concernant la discrimination dont vous avez fait l'objet? Je ne savais pas quoi faire, où aller ou à qui parler.",10,90,9999,9999,9999,9999,9999,9999,9999,9999,10,99,9999,287.0,Health Canada,Santé Canada,4,Workplace,Milieu de travail,17,Discrimination,Discrimination
6,0,0,0,0,2022,,Health Canada,Santé Canada,,Q68i,Question 68i. Why did you not file a grievance or formal complaint about the discrimination you experienced? I was too distraught.,Question 68i. Pourquoi n'avez-vous pas déposé un grief ou une plainte officielle concernant la discrimination dont vous avez fait l'objet? J'étais trop bouleversé(e).,15,85,9999,9999,9999,9999,9999,9999,9999,9999,15,99,9999,380.0,Health Canada,Santé Canada,4,Workplace,Milieu de travail,17,Discrimination,Discrimination
6,0,0,0,0,2020,,Health Canada,Santé Canada,,Q68i,Question 68i. Why did you not file a grievance or formal complaint about the discrimination you experienced? I was too distraught.,Question 68i. Pourquoi n'avez-vous pas déposé un grief ou une plainte officielle concernant la discrimination dont vous avez fait l'objet? J'étais trop bouleversé(e).,11,89,9999,9999,9999,9999,9999,9999,9999,9999,11,99,9999,294.0,Health Canada,Santé Canada,4,Workplace,Milieu de travail,17,Discrimination,Discrimination
6,0,0,0,0,2019,,Health Canada,Santé Canada,,Q68i,Question 68i. Why did you not file a grievance or formal complaint about the discrimination you experienced? I was too distraught.,Question 68i. Pourquoi n'avez-vous pas déposé un grief ou une plainte officielle concernant la discrimination dont vous avez fait l'objet? J'étais trop bouleversé(e).,11,89,9999,9999,9999,9999,9999,9999,9999,9999,11,99,9999,318.0,Health Canada,Santé Canada,4,Workplace,Milieu de travail,17,Discrimination,Discrimination
6,0,0,0,0,2018,,Health Canada,Santé Canada,,Q68i,Question 68i. Why did you not file a grievance or formal complaint about the discrimination you experienced? I was too distraught.,Question 68i. Pourquoi n'avez-vous pas déposé un grief ou une plainte officielle concernant la discrimination dont vous avez fait l'objet? J'étais trop bouleversé(e).,14,86,9999,9999,9999,9999,9999,9999,9999,9999,14,99,9999,288.0,Health Canada,Santé Canada,4,Workplace,Milieu de travail,17,Discrimination,Discrimination
6,0,0,0,0,2022,,Health Canada,Santé Canada,,Q68j,"Question 68j. Why did you not file a grievance or formal complaint about the discrimination you experienced? I had concerns about the formal complaint process (e.g., confidentiality, how long it would take).","Question 68j. Pourquoi n'avez-vous pas déposé un grief ou une plainte officielle concernant la discrimination dont vous avez fait l'objet? J'avais des préoccupations au sujet du processus formel de plaintes (p. ex. la confidentialité, le temps que prendrait le processus).",27,73,9999,9999,9999,9999,9999,9999,9999,9999,27,99,9999,380.0,Health Canada,Santé Canada,4,Workplace,Milieu de travail,17,Discrimination,Discrimination
6,0,0,0,0,2020,,Health Canada,Santé Canada,,Q68j,"Question 68j. Why did you not file a grievance or formal complaint about the discrimination you experienced? I had concerns about the formal complaint process (e.g., confidentiality, how long it would take).","Question 68j. Pourquoi n'avez-vous pas déposé un grief ou une plainte officielle concernant la discrimination dont vous avez fait l'objet? J'avais des préoccupations au sujet du processus formel de plaintes (p. ex. la confidentialité, le temps que prendrait le processus).",26,74,9999,9999,9999,9999,9999,9999,9999,9999,26,99,9999,294.0,Health Canada,Santé Canada,4,Workplace,Milieu de travail,17,Discrimination,Discrimination
6,0,0,0,0,2019,,Health Canada,Santé Canada,,Q68j,"Question 68j. Why did you not file a grievance or formal complaint about the discrimination you experienced? I had concerns about the formal complaint process (e.g., confidentiality, how long it would take).","Question 68j. Pourquoi n'avez-vous pas déposé un grief ou une plainte officielle concernant la discrimination dont vous avez fait l'objet? J'avais des préoccupations au sujet du processus formel de plaintes (p. ex. la confidentialité, le temps que prendrait le processus).",21,79,9999,9999,9999,9999,9999,9999,9999,9999,21,99,9999,318.0,Health Canada,Santé Canada,4,Workplace,Milieu de travail,17,Discrimination,Discrimination
6,0,0,0,0,2018,,Health Canada,Santé Canada,,Q68j,"Question 68j. Why did you not file a grievance or formal complaint about the discrimination you experienced? I had concerns about the formal complaint process (e.g., confidentiality, how long it would take).","Question 68j. Pourquoi n'avez-vous pas déposé un grief ou une plainte officielle concernant la discrimination dont vous avez fait l'objet? J'avais des préoccupations au sujet du processus formel de plaintes (p. ex. la confidentialité, le temps que prendrait le processus).",29,71,9999,9999,9999,9999,9999,9999,9999,9999,29,99,9999,288.0,Health Canada,Santé Canada,4,Workplace,Milieu de travail,17,Discrimination,Discrimination
6,0,0,0,0,2022,,Health Canada,Santé Canada,,Q68k,Question 68k. Why did you not file a grievance or formal complaint about the discrimination you experienced? I was advised against filing a complaint.,Question 68k. Pourquoi n'avez-vous pas déposé un grief ou une plainte officielle concernant la discrimination dont vous avez fait l'objet? On m'a conseillé d'éviter de déposer une plainte.,8,92,9999,9999,9999,9999,9999,9999,9999,9999,8,99,9999,380.0,Health Canada,Santé Canada,4,Workplace,Milieu de travail,17,Discrimination,Discrimination
6,0,0,0,0,2020,,Health Canada,Santé Canada,,Q68k,Question 68k. Why did you not file a grievance or formal complaint about the discrimination you experienced? I was advised against filing a complaint.,Question 68k. Pourquoi n'avez-vous pas déposé un grief ou une plainte officielle concernant la discrimination dont vous avez fait l'objet? On m'a conseillé d'éviter de déposer une plainte.,7,93,9999,9999,9999,9999,9999,9999,9999,9999,7,99,9999,294.0,Health Canada,Santé Canada,4,Workplace,Milieu de travail,17,Discrimination,Discrimination
6,0,0,0,0,2019,,Health Canada,Santé Canada,,Q68k,Question 68k. Why did you not file a grievance or formal complaint about the discrimination you experienced? I was advised against filing a complaint.,Question 68k. Pourquoi n'avez-vous pas déposé un grief ou une plainte officielle concernant la discrimination dont vous avez fait l'objet? On m'a conseillé d'éviter de déposer une plainte.,8,92,9999,9999,9999,9999,9999,9999,9999,9999,8,99,9999,318.0,Health Canada,Santé Canada,4,Workplace,Milieu de travail,17,Discrimination,Discrimination
6,0,0,0,0,2018,,Health Canada,Santé Canada,,Q68k,Question 68k. Why did you not file a grievance or formal complaint about the discrimination you experienced? I was advised against filing a complaint.,Question 68k. Pourquoi n'avez-vous pas déposé un grief ou une plainte officielle concernant la discrimination dont vous avez fait l'objet? On m'a conseillé d'éviter de déposer une plainte.,8,92,9999,9999,9999,9999,9999,9999,9999,9999,8,99,9999,287.0,Health Canada,Santé Canada,4,Workplace,Milieu de travail,17,Discrimination,Discrimination
6,0,0,0,0,2022,,Health Canada,Santé Canada,,Q68l,"Question 68l. Why did you not file a grievance or formal complaint about the discrimination you experienced? I was afraid of reprisal (e.g., having limited career advancement, being labelled a troublemaker).",Question 68l. Pourquoi n'avez-vous pas déposé un grief ou une plainte officielle concernant la discrimination dont vous avez fait l'objet? J'avais peur des représailles (p. ex. limiter l'avancement de ma carrière ou porter l'étiquette de fauteur(-euse) de troubles).,46,54,9999,9999,9999,9999,9999,9999,9999,9999,46,99,9999,380.0,Health Canada,Santé Canada,4,Workplace,Milieu de travail,17,Discrimination,Discrimination
6,0,0,0,0,2020,,Health Canada,Santé Canada,,Q68l,"Question 68l. Why did you not file a grievance or formal complaint about the discrimination you experienced? I was afraid of reprisal (e.g., having limited career advancement, being labelled a troublemaker).",Question 68l. Pourquoi n'avez-vous pas déposé un grief ou une plainte officielle concernant la discrimination dont vous avez fait l'objet? J'avais peur des représailles (p. ex. limiter l'avancement de ma carrière ou porter l'étiquette de fauteur(-euse) de troubles).,43,57,9999,9999,9999,9999,9999,9999,9999,9999,43,99,9999,294.0,Health Canada,Santé Canada,4,Workplace,Milieu de travail,17,Discrimination,Discrimination
6,0,0,0,0,2019,,Health Canada,Santé Canada,,Q68l,"Question 68l. Why did you not file a grievance or formal complaint about the discrimination you experienced? I was afraid of reprisal (e.g., having limited career advancement, being labelled a troublemaker).",Question 68l. Pourquoi n'avez-vous pas déposé un grief ou une plainte officielle concernant la discrimination dont vous avez fait l'objet? J'avais peur des représailles (p. ex. limiter l'avancement de ma carrière ou porter l'étiquette de fauteur(-euse) de troubles).,42,58,9999,9999,9999,9999,9999,9999,9999,9999,42,99,9999,318.0,Health Canada,Santé Canada,4,Workplace,Milieu de travail,17,Discrimination,Discrimination
6,0,0,0,0,2018,,Health Canada,Santé Canada,,Q68l,"Question 68l. Why did you not file a grievance or formal complaint about the discrimination you experienced? I was afraid of reprisal (e.g., having limited career advancement, being labelled a troublemaker).",Question 68l. Pourquoi n'avez-vous pas déposé un grief ou une plainte officielle concernant la discrimination dont vous avez fait l'objet? J'avais peur des représailles (p. ex. limiter l'avancement de ma carrière ou porter l'étiquette de fauteur(-euse) de troubles).,48,52,9999,9999,9999,9999,9999,9999,9999,9999,48,99,9999,288.0,Health Canada,Santé Canada,4,Workplace,Milieu de travail,17,Discrimination,Discrimination
6,0,0,0,0,2022,,Health Canada,Santé Canada,,Q68m,Question 68m. Why did you not file a grievance or formal complaint about the discrimination you experienced? Someone threatened me.,Question 68m. Pourquoi n'avez-vous pas déposé un grief ou une plainte officielle concernant la discrimination dont vous avez fait l'objet? Quelqu'un m'a menacé(e).,1,99,9999,9999,9999,9999,9999,9999,9999,9999,1,99,9999,380.0,Health Canada,Santé Canada,4,Workplace,Milieu de travail,17,Discrimination,Discrimination
6,0,0,0,0,2020,,Health Canada,Santé Canada,,Q68m,Question 68m. Why did you not file a grievance or formal complaint about the discrimination you experienced? Someone threatened me.,Question 68m. Pourquoi n'avez-vous pas déposé un grief ou une plainte officielle concernant la discrimination dont vous avez fait l'objet? Quelqu'un m'a menacé(e).,,,,,,,,,,,,,,,Health Canada,Santé Canada,4,Workplace,Milieu de travail,17,Discrimination,Discrimination
6,0,0,0,0,2019,,Health Canada,Santé Canada,,Q68m,Question 68m. Why did you not file a grievance or formal complaint about the discrimination you experienced? Someone threatened me.,Question 68m. Pourquoi n'avez-vous pas déposé un grief ou une plainte officielle concernant la discrimination dont vous avez fait l'objet? Quelqu'un m'a menacé(e).,2,98,9999,9999,9999,9999,9999,9999,9999,9999,2,99,9999,318.0,Health Canada,Santé Canada,4,Workplace,Milieu de travail,17,Discrimination,Discrimination
6,0,0,0,0,2018,,Health Canada,Santé Canada,,Q68m,Question 68m. Why did you not file a grievance or formal complaint about the discrimination you experienced? Someone threatened me.,Question 68m. Pourquoi n'avez-vous pas déposé un grief ou une plainte officielle concernant la discrimination dont vous avez fait l'objet? Quelqu'un m'a menacé(e).,,,,,,,,,,,,,,,Health Canada,Santé Canada,4,Workplace,Milieu de travail,17,Discrimination,Discrimination
6,0,0,0,0,2022,,Health Canada,Santé Canada,,Q68n,Question 68n. Why did you not file a grievance or formal complaint about the discrimination you experienced? I did not believe it would make a difference.,Question 68n. Pourquoi n'avez-vous pas déposé un grief ou une plainte officielle concernant la discrimination dont vous avez fait l'objet? Je ne croyais pas que cela ferait une différence.,66,34,9999,9999,9999,9999,9999,9999,9999,9999,66,99,9999,380.0,Health Canada,Santé Canada,4,Workplace,Milieu de travail,17,Discrimination,Discrimination
6,0,0,0,0,2020,,Health Canada,Santé Canada,,Q68n,Question 68n. Why did you not file a grievance or formal complaint about the discrimination you experienced? I did not believe it would make a difference.,Question 68n. Pourquoi n'avez-vous pas déposé un grief ou une plainte officielle concernant la discrimination dont vous avez fait l'objet? Je ne croyais pas que cela ferait une différence.,60,40,9999,9999,9999,9999,9999,9999,9999,9999,60,99,9999,294.0,Health Canada,Santé Canada,4,Workplace,Milieu de travail,17,Discrimination,Discrimination
6,0,0,0,0,2019,,Health Canada,Santé Canada,,Q68n,Question 68n. Why did you not file a grievance or formal complaint about the discrimination you experienced? I did not believe it would make a difference.,Question 68n. Pourquoi n'avez-vous pas déposé un grief ou une plainte officielle concernant la discrimination dont vous avez fait l'objet? Je ne croyais pas que cela ferait une différence.,60,40,9999,9999,9999,9999,9999,9999,9999,9999,60,99,9999,318.0,Health Canada,Santé Canada,4,Workplace,Milieu de travail,17,Discrimination,Discrimination
6,0,0,0,0,2018,,Health Canada,Santé Canada,,Q68n,Question 68n. Why did you not file a grievance or formal complaint about the discrimination you experienced? I did not believe it would make a difference.,Question 68n. Pourquoi n'avez-vous pas déposé un grief ou une plainte officielle concernant la discrimination dont vous avez fait l'objet? Je ne croyais pas que cela ferait une différence.,64,36,9999,9999,9999,9999,9999,9999,9999,9999,64,99,9999,287.0,Health Canada,Santé Canada,4,Workplace,Milieu de travail,17,Discrimination,Discrimination
6,0,0,0,0,2022,,Health Canada,Santé Canada,,Q68o,Question 68o. Why did you not file a grievance or formal complaint about the discrimination you experienced? The time limit to file a grievance or a formal complaint had passed.,Question 68o. Pourquoi n'avez-vous pas déposé un grief ou une plainte officielle concernant la discrimination dont vous avez fait l'objet? Le délai prévu pour déposer un grief ou une plainte officielle avait expiré.,2,98,9999,9999,9999,9999,9999,9999,9999,9999,2,99,9999,380.0,Health Canada,Santé Canada,4,Workplace,Milieu de travail,17,Discrimination,Discrimination
6,0,0,0,0,2022,,Health Canada,Santé Canada,,Q68p,Question 68p. Why did you not file a grievance or formal complaint about the discrimination you experienced? Other,Question 68p. Pourquoi n'avez-vous pas déposé un grief ou une plainte officielle concernant la discrimination dont vous avez fait l'objet? Autre,15,85,9999,9999,9999,9999,9999,9999,9999,9999,15,99,9999,380.0,Health Canada,Santé Canada,4,Workplace,Milieu de travail,17,Discrimination,Discrimination
6,0,0,0,0,2020,,Health Canada,Santé Canada,,Q68p,Question 68p. Why did you not file a grievance or formal complaint about the discrimination you experienced? Other,Question 68p. Pourquoi n'avez-vous pas déposé un grief ou une plainte officielle concernant la discrimination dont vous avez fait l'objet? Autre,14,86,9999,9999,9999,9999,9999,9999,9999,9999,14,99,9999,294.0,Health Canada,Santé Canada,4,Workplace,Milieu de travail,17,Discrimination,Discrimination
6,0,0,0,0,2019,,Health Canada,Santé Canada,,Q68p,Question 68p. Why did you not file a grievance or formal complaint about the discrimination you experienced? Other,Question 68p. Pourquoi n'avez-vous pas déposé un grief ou une plainte officielle concernant la discrimination dont vous avez fait l'objet? Autre,10,90,9999,9999,9999,9999,9999,9999,9999,9999,10,99,9999,318.0,Health Canada,Santé Canada,4,Workplace,Milieu de travail,17,Discrimination,Discrimination
6,0,0,0,0,2018,,Health Canada,Santé Canada,,Q68p,Question 68p. Why did you not file a grievance or formal complaint about the discrimination you experienced? Other,Question 68p. Pourquoi n'avez-vous pas déposé un grief ou une plainte officielle concernant la discrimination dont vous avez fait l'objet? Autre,12,88,9999,9999,9999,9999,9999,9999,9999,9999,12,99,9999,286.0,Health Canada,Santé Canada,4,Workplace,Milieu de travail,17,Discrimination,Discrimination
6,0,0,0,0,2022,,Health Canada,Santé Canada,,Q69,Question 69. I am satisfied with how matters related to discrimination are resolved in my department or agency.,Question 69. Je suis satisfait(e) de la manière dont les problèmes de discrimination sont réglés dans mon ministère ou organisme.,14,14,16,3,3,41,9,56,32,12,56,3.67,67,5565.0,Health Canada,Santé Canada,4,Workplace,Milieu de travail,17,Discrimination,Discrimination
6,0,0,0,0,2020,,Health Canada,Santé Canada,,Q69,Question 69. I am satisfied with how matters related to discrimination are resolved in my department or agency.,Question 69. Je suis satisfait(e) de la manière dont les problèmes de discrimination sont réglés dans mon ministère ou organisme.,18,14,17,3,2,38,8,59,31,10,59,3.79,70,5212.0,Health Canada,Santé Canada,4,Workplace,Milieu de travail,17,Discrimination,Discrimination
6,0,0,0,0,2019,,Health Canada,Santé Canada,,Q69,Question 69. I am satisfied with how matters related to discrimination are resolved in my department or agency.,Question 69. Je suis satisfait(e) de la manière dont les problèmes de discrimination sont réglés dans mon ministère ou organisme.,18,13,20,3,3,33,10,54,35,11,54,3.69,67,5422.0,Health Canada,Santé Canada,4,Workplace,Milieu de travail,17,Discrimination,Discrimination
6,0,0,0,0,2018,,Health Canada,Santé Canada,,Q69,Question 69. I am satisfied with how matters related to discrimination are resolved in my department or agency.,Question 69. Je suis satisfait(e) de la manière dont les problèmes de discrimination sont réglés dans mon ministère ou organisme.,16,15,20,3,3,34,8,54,36,10,54,3.67,67,4367.0,Health Canada,Santé Canada,4,Workplace,Milieu de travail,17,Discrimination,Discrimination
6,0,0,0,0,2022,,Health Canada,Santé Canada,,Q70,Question 70. My department or agency works hard to create a workplace that prevents discrimination.,Question 70. Mon ministère ou organisme met tout en uvre pour créer un milieu de travail qui prévient la discrimination.,30,34,15,4,3,13,2,75,17,8,75,3.99,75,5570.0,Health Canada,Santé Canada,4,Workplace,Milieu de travail,17,Discrimination,Discrimination
6,0,0,0,0,2020,,Health Canada,Santé Canada,,Q70,Question 70. My department or agency works hard to create a workplace that prevents discrimination.,Question 70. Mon ministère ou organisme met tout en uvre pour créer un milieu de travail qui prévient la discrimination.,34,31,16,4,2,12,1,76,18,6,76,4.07,77,5233.0,Health Canada,Santé Canada,4,Workplace,Milieu de travail,17,Discrimination,Discrimination
6,0,0,0,0,2019,,Health Canada,Santé Canada,,Q70,Question 70. My department or agency works hard to create a workplace that prevents discrimination.,Question 70. Mon ministère ou organisme met tout en uvre pour créer un milieu de travail qui prévient la discrimination.,36,28,17,3,2,12,2,74,20,7,74,4.05,76,5417.0,Health Canada,Santé Canada,4,Workplace,Milieu de travail,17,Discrimination,Discrimination
6,0,0,0,0,2018,,Health Canada,Santé Canada,,Q70,Question 70. My department or agency works hard to create a workplace that prevents discrimination.,Question 70. Mon ministère ou organisme met tout en uvre pour créer un milieu de travail qui prévient la discrimination.,31,31,18,3,3,13,2,72,21,7,72,3.99,75,4371.0,Health Canada,Santé Canada,4,Workplace,Milieu de travail,17,Discrimination,Discrimination
6,0,0,0,0,2022,,Health Canada,Santé Canada,,Q71,Question 71. I am satisfied with how concerns or complaints about racism in the workplace are resolved in my department or agency. (only asked if respondent selected 'Race' in question 66.),Question 71. Je suis satisfait(e) de la façon dont les préoccupations ou les plaintes au sujet du racisme en milieu de travail sont réglées par mon ministère ou organisme. (Seulement demandé si le répondant a sélectionné «Race» à la question 66.),1,3,19,16,31,26,3,6,27,67,6,1.97,24,110.0,Health Canada,Santé Canada,4,Workplace,Milieu de travail,12,Anti-racism,Anti-racisme
6,0,0,0,0,2020,,Health Canada,Santé Canada,,Q71,Question 71. I am satisfied with how concerns or complaints about racism in the workplace are resolved in my department or agency. (only asked if respondent selected 'Race' in question 66.),Question 71. Je suis satisfait(e) de la façon dont les préoccupations ou les plaintes au sujet du racisme en milieu de travail sont réglées par mon ministère ou organisme. (seulement demandé si le répondant a sélectionné «Race» à la question 66.),1,6,22,11,38,19,2,10,28,62,10,2.01,25,95.0,Health Canada,Santé Canada,4,Workplace,Milieu de travail,12,Anti-racism,Anti-racisme
6,0,0,0,0,2022,,Health Canada,Santé Canada,,Q72a,"Question 72a. Overall, to what extent do the following factors cause you work-related stress? Pay or other compensation-related issues","Question 72a. Dans l'ensemble, dans quelle mesure les facteurs suivants vous causent-ils du stress au travail? Problèmes liés à la paye ou à d'autres aspects de la rémunération",33,29,16,8,10,1,3,65,17,18,18,3.71,68,5540.0,Health Canada,Santé Canada,5,Workplace well-being,Bien-être en milieu de travail,22,Work-related stress,Stress lié au travail
6,0,0,0,0,2020,,Health Canada,Santé Canada,,Q72a,"Question 72a. Overall, to what extent do the following factors cause you work-related stress? Pay or other compensation-related issues","Question 72a. Dans l'ensemble, dans quelle mesure les facteurs suivants vous causent-ils du stress au travail? Problèmes liés à la paye ou à d'autres aspects de la rémunération",34,31,18,9,6,0,1,66,19,15,15,3.79,70,5211.0,Health Canada,Santé Canada,5,Workplace well-being,Bien-être en milieu de travail,22,Work-related stress,Stress lié au travail
6,0,0,0,0,2019,,Health Canada,Santé Canada,,Q72a,"Question 72a. Overall, to what extent do the following factors cause you work-related stress? Pay or other compensation-related issues","Question 72a. Dans l'ensemble, dans quelle mesure les facteurs suivants vous causent-ils du stress au travail? Problèmes liés à la paye ou à d'autres aspects de la rémunération",23,28,21,13,14,0,1,51,21,27,27,3.33,58,5431.0,Health Canada,Santé Canada,5,Workplace well-being,Bien-être en milieu de travail,22,Work-related stress,Stress lié au travail
6,0,0,0,0,2018,,Health Canada,Santé Canada,,Q72a,"Question 72a. Overall, to what extent do the following factors cause you work-related stress? Pay or other compensation-related issues","Question 72a. Dans l'ensemble, dans quelle mesure les facteurs suivants vous causent-ils du stress au travail? Problèmes liés à la paye ou à d'autres aspects de la rémunération",17,24,23,14,18,1,2,43,24,33,33,3.08,52,4375.0,Health Canada,Santé Canada,5,Workplace well-being,Bien-être en milieu de travail,22,Work-related stress,Stress lié au travail
6,0,0,0,0,2022,,Health Canada,Santé Canada,,Q72b,"Question 72b. Overall, to what extent do the following factors cause you work-related stress? Heavy workload","Question 72b. Dans l'ensemble, dans quelle mesure les facteurs suivants vous causent-ils du stress au travail? Lourde charge de travail",15,28,26,14,15,0,1,44,26,30,30,3.14,54,5545.0,Health Canada,Santé Canada,5,Workplace well-being,Bien-être en milieu de travail,22,Work-related stress,Stress lié au travail
6,0,0,0,0,2020,,Health Canada,Santé Canada,,Q72b,"Question 72b. Overall, to what extent do the following factors cause you work-related stress? Heavy workload","Question 72b. Dans l'ensemble, dans quelle mesure les facteurs suivants vous causent-ils du stress au travail? Lourde charge de travail",16,25,27,18,14,0,0,41,27,32,32,3.1,52,5230.0,Health Canada,Santé Canada,5,Workplace well-being,Bien-être en milieu de travail,22,Work-related stress,Stress lié au travail
6,0,0,0,0,2019,,Health Canada,Santé Canada,,Q72b,"Question 72b. Overall, to what extent do the following factors cause you work-related stress? Heavy workload","Question 72b. Dans l'ensemble, dans quelle mesure les facteurs suivants vous causent-ils du stress au travail? Lourde charge de travail",19,30,25,15,10,0,1,49,26,25,25,3.33,58,5435.0,Health Canada,Santé Canada,5,Workplace well-being,Bien-être en milieu de travail,22,Work-related stress,Stress lié au travail
6,0,0,0,0,2018,,Health Canada,Santé Canada,,Q72b,"Question 72b. Overall, to what extent do the following factors cause you work-related stress? Heavy workload","Question 72b. Dans l'ensemble, dans quelle mesure les facteurs suivants vous causent-ils du stress au travail? Lourde charge de travail",15,27,29,17,11,0,1,42,29,28,28,3.18,55,4372.0,Health Canada,Santé Canada,5,Workplace well-being,Bien-être en milieu de travail,22,Work-related stress,Stress lié au travail
6,0,0,0,0,2022,,Health Canada,Santé Canada,,Q72c,"Question 72c. Overall, to what extent do the following factors cause you work-related stress? Unreasonable deadlines","Question 72c. Dans l'ensemble, dans quelle mesure les facteurs suivants vous causent-ils du stress au travail? Délais déraisonnables",24,29,21,13,11,0,2,54,22,24,24,3.43,61,5545.0,Health Canada,Santé Canada,5,Workplace well-being,Bien-être en milieu de travail,22,Work-related stress,Stress lié au travail
6,0,0,0,0,2020,,Health Canada,Santé Canada,,Q72c,"Question 72c. Overall, to what extent do the following factors cause you work-related stress? Unreasonable deadlines","Question 72c. Dans l'ensemble, dans quelle mesure les facteurs suivants vous causent-ils du stress au travail? Délais déraisonnables",24,28,23,14,10,0,1,53,23,24,24,3.43,61,5227.0,Health Canada,Santé Canada,5,Workplace well-being,Bien-être en milieu de travail,22,Work-related stress,Stress lié au travail
6,0,0,0,0,2019,,Health Canada,Santé Canada,,Q72c,"Question 72c. Overall, to what extent do the following factors cause you work-related stress? Unreasonable deadlines","Question 72c. Dans l'ensemble, dans quelle mesure les facteurs suivants vous causent-ils du stress au travail? Délais déraisonnables",26,31,22,12,7,0,2,58,23,19,19,3.57,64,5410.0,Health Canada,Santé Canada,5,Workplace well-being,Bien-être en milieu de travail,22,Work-related stress,Stress lié au travail
6,0,0,0,0,2018,,Health Canada,Santé Canada,,Q72c,"Question 72c. Overall, to what extent do the following factors cause you work-related stress? Unreasonable deadlines","Question 72c. Dans l'ensemble, dans quelle mesure les facteurs suivants vous causent-ils du stress au travail? Délais déraisonnables",21,30,24,14,9,1,2,52,25,23,23,3.41,60,4363.0,Health Canada,Santé Canada,5,Workplace well-being,Bien-être en milieu de travail,22,Work-related stress,Stress lié au travail
6,0,0,0,0,2022,,Health Canada,Santé Canada,,Q72d,"Question 72d. Overall, to what extent do the following factors cause you work-related stress? Not enough employees to do the work","Question 72d. Dans l'ensemble, dans quelle mesure les facteurs suivants vous causent-ils du stress au travail? Pas assez d'employé(e)s pour faire le travail",21,24,21,15,17,1,2,46,22,32,32,3.17,54,5550.0,Health Canada,Santé Canada,5,Workplace well-being,Bien-être en milieu de travail,22,Work-related stress,Stress lié au travail
6,0,0,0,0,2020,,Health Canada,Santé Canada,,Q72d,"Question 72d. Overall, to what extent do the following factors cause you work-related stress? Not enough employees to do the work","Question 72d. Dans l'ensemble, dans quelle mesure les facteurs suivants vous causent-ils du stress au travail? Pas assez d'employé(e)s pour faire le travail",22,25,22,16,13,1,2,48,23,29,29,3.28,57,5214.0,Health Canada,Santé Canada,5,Workplace well-being,Bien-être en milieu de travail,22,Work-related stress,Stress lié au travail
6,0,0,0,0,2019,,Health Canada,Santé Canada,,Q72d,"Question 72d. Overall, to what extent do the following factors cause you work-related stress? Not enough employees to do the work","Question 72d. Dans l'ensemble, dans quelle mesure les facteurs suivants vous causent-ils du stress au travail? Pas assez d'employé(e)s pour faire le travail",24,25,23,14,12,1,1,51,23,26,26,3.37,59,5409.0,Health Canada,Santé Canada,5,Workplace well-being,Bien-être en milieu de travail,22,Work-related stress,Stress lié au travail
6,0,0,0,0,2018,,Health Canada,Santé Canada,,Q72d,"Question 72d. Overall, to what extent do the following factors cause you work-related stress? Not enough employees to do the work","Question 72d. Dans l'ensemble, dans quelle mesure les facteurs suivants vous causent-ils du stress au travail? Pas assez d'employé(e)s pour faire le travail",19,25,25,16,13,1,2,45,25,30,30,3.2,55,4366.0,Health Canada,Santé Canada,5,Workplace well-being,Bien-être en milieu de travail,22,Work-related stress,Stress lié au travail
6,0,0,0,0,2022,,Health Canada,Santé Canada,,Q72e,"Question 72e. Overall, to what extent do the following factors cause you work-related stress? Overtime or long work hours","Question 72e. Dans l'ensemble, dans quelle mesure les facteurs suivants vous causent-ils du stress au travail? Heures supplémentaires ou longues heures de travail",42,24,13,7,7,1,6,71,14,15,15,3.93,73,5545.0,Health Canada,Santé Canada,5,Workplace well-being,Bien-être en milieu de travail,22,Work-related stress,Stress lié au travail
6,0,0,0,0,2020,,Health Canada,Santé Canada,,Q72e,"Question 72e. Overall, to what extent do the following factors cause you work-related stress? Overtime or long work hours","Question 72e. Dans l'ensemble, dans quelle mesure les facteurs suivants vous causent-ils du stress au travail? Heures supplémentaires ou longues heures de travail",36,25,17,10,9,0,3,64,17,19,19,3.73,68,5208.0,Health Canada,Santé Canada,5,Workplace well-being,Bien-être en milieu de travail,22,Work-related stress,Stress lié au travail
6,0,0,0,0,2019,,Health Canada,Santé Canada,,Q72e,"Question 72e. Overall, to what extent do the following factors cause you work-related stress? Overtime or long work hours","Question 72e. Dans l'ensemble, dans quelle mesure les facteurs suivants vous causent-ils du stress au travail? Heures supplémentaires ou longues heures de travail",48,25,12,5,4,0,5,77,12,10,10,4.13,78,5408.0,Health Canada,Santé Canada,5,Workplace well-being,Bien-être en milieu de travail,22,Work-related stress,Stress lié au travail
6,0,0,0,0,2018,,Health Canada,Santé Canada,,Q72e,"Question 72e. Overall, to what extent do the following factors cause you work-related stress? Overtime or long work hours","Question 72e. Dans l'ensemble, dans quelle mesure les facteurs suivants vous causent-ils du stress au travail? Heures supplémentaires ou longues heures de travail",42,25,14,6,5,1,7,73,15,12,12,4.01,75,4355.0,Health Canada,Santé Canada,5,Workplace well-being,Bien-être en milieu de travail,22,Work-related stress,Stress lié au travail
6,0,0,0,0,2022,,Health Canada,Santé Canada,,Q72f,"Question 72f. Overall, to what extent do the following factors cause you work-related stress? Balancing work and personal life","Question 72f. Dans l'ensemble, dans quelle mesure les facteurs suivants vous causent-ils du stress au travail? Conciliation travail et vie personnelle",28,27,19,12,12,0,1,56,19,24,24,3.48,62,5555.0,Health Canada,Santé Canada,5,Workplace well-being,Bien-être en milieu de travail,22,Work-related stress,Stress lié au travail
6,0,0,0,0,2020,,Health Canada,Santé Canada,,Q72f,"Question 72f. Overall, to what extent do the following factors cause you work-related stress? Balancing work and personal life","Question 72f. Dans l'ensemble, dans quelle mesure les facteurs suivants vous causent-ils du stress au travail? Conciliation travail et vie personnelle",23,26,23,15,13,0,1,49,23,28,28,3.3,57,5224.0,Health Canada,Santé Canada,5,Workplace well-being,Bien-être en milieu de travail,22,Work-related stress,Stress lié au travail
6,0,0,0,0,2019,,Health Canada,Santé Canada,,Q72f,"Question 72f. Overall, to what extent do the following factors cause you work-related stress? Balancing work and personal life","Question 72f. Dans l'ensemble, dans quelle mesure les facteurs suivants vous causent-ils du stress au travail? Conciliation travail et vie personnelle",32,30,19,10,8,0,1,63,19,18,18,3.71,68,5412.0,Health Canada,Santé Canada,5,Workplace well-being,Bien-être en milieu de travail,22,Work-related stress,Stress lié au travail
6,0,0,0,0,2018,,Health Canada,Santé Canada,,Q72f,"Question 72f. Overall, to what extent do the following factors cause you work-related stress? Balancing work and personal life","Question 72f. Dans l'ensemble, dans quelle mesure les facteurs suivants vous causent-ils du stress au travail? Conciliation travail et vie personnelle",29,28,20,12,9,1,1,58,21,21,21,3.58,64,4367.0,Health Canada,Santé Canada,5,Workplace well-being,Bien-être en milieu de travail,22,Work-related stress,Stress lié au travail
6,0,0,0,0,2022,,Health Canada,Santé Canada,,Q72g,"Question 72g. Overall, to what extent do the following factors cause you work-related stress? Lack of control or input in decision-making","Question 72g. Dans l'ensemble, dans quelle mesure les facteurs suivants vous causent-ils du stress au travail? Manque de contrôle ou de contribution aux prises de décision",30,30,19,9,8,1,2,62,20,18,18,3.67,67,5555.0,Health Canada,Santé Canada,5,Workplace well-being,Bien-être en milieu de travail,22,Work-related stress,Stress lié au travail
6,0,0,0,0,2020,,Health Canada,Santé Canada,,Q72g,"Question 72g. Overall, to what extent do the following factors cause you work-related stress? Lack of control or input in decision-making","Question 72g. Dans l'ensemble, dans quelle mesure les facteurs suivants vous causent-ils du stress au travail? Manque de contrôle ou de contribution aux prises de décision",33,35,19,7,4,1,2,69,20,11,11,3.87,72,5205.0,Health Canada,Santé Canada,5,Workplace well-being,Bien-être en milieu de travail,22,Work-related stress,Stress lié au travail
6,0,0,0,0,2019,,Health Canada,Santé Canada,,Q72g,"Question 72g. Overall, to what extent do the following factors cause you work-related stress? Lack of control or input in decision-making","Question 72g. Dans l'ensemble, dans quelle mesure les facteurs suivants vous causent-ils du stress au travail? Manque de contrôle ou de contribution aux prises de décision",29,36,20,8,5,1,1,66,21,13,13,3.77,69,5410.0,Health Canada,Santé Canada,5,Workplace well-being,Bien-être en milieu de travail,22,Work-related stress,Stress lié au travail
6,0,0,0,0,2018,,Health Canada,Santé Canada,,Q72g,"Question 72g. Overall, to what extent do the following factors cause you work-related stress? Lack of control or input in decision-making","Question 72g. Dans l'ensemble, dans quelle mesure les facteurs suivants vous causent-ils du stress au travail? Manque de contrôle ou de contribution aux prises de décision",25,35,23,9,5,1,1,61,24,15,15,3.66,67,4363.0,Health Canada,Santé Canada,5,Workplace well-being,Bien-être en milieu de travail,22,Work-related stress,Stress lié au travail
6,0,0,0,0,2022,,Health Canada,Santé Canada,,Q72h,"Question 72h. Overall, to what extent do the following factors cause you work-related stress? Competing or constantly changing priorities","Question 72h. Dans l'ensemble, dans quelle mesure les facteurs suivants vous causent-ils du stress au travail? Priorités concurrentes ou qui changent constamment",24,31,22,12,10,1,2,56,22,22,22,3.49,62,5555.0,Health Canada,Santé Canada,5,Workplace well-being,Bien-être en milieu de travail,22,Work-related stress,Stress lié au travail
6,0,0,0,0,2020,,Health Canada,Santé Canada,,Q72h,"Question 72h. Overall, to what extent do the following factors cause you work-related stress? Competing or constantly changing priorities","Question 72h. Dans l'ensemble, dans quelle mesure les facteurs suivants vous causent-ils du stress au travail? Priorités concurrentes ou qui changent constamment",25,34,23,11,6,0,1,60,23,17,17,3.63,66,5209.0,Health Canada,Santé Canada,5,Workplace well-being,Bien-être en milieu de travail,22,Work-related stress,Stress lié au travail
6,0,0,0,0,2019,,Health Canada,Santé Canada,,Q72h,"Question 72h. Overall, to what extent do the following factors cause you work-related stress? Competing or constantly changing priorities","Question 72h. Dans l'ensemble, dans quelle mesure les facteurs suivants vous causent-ils du stress au travail? Priorités concurrentes ou qui changent constamment",25,34,22,11,6,1,1,60,22,18,18,3.61,65,5403.0,Health Canada,Santé Canada,5,Workplace well-being,Bien-être en milieu de travail,22,Work-related stress,Stress lié au travail
6,0,0,0,0,2018,,Health Canada,Santé Canada,,Q72h,"Question 72h. Overall, to what extent do the following factors cause you work-related stress? Competing or constantly changing priorities","Question 72h. Dans l'ensemble, dans quelle mesure les facteurs suivants vous causent-ils du stress au travail? Priorités concurrentes ou qui changent constamment",21,33,26,12,6,1,1,55,26,19,19,3.51,63,4365.0,Health Canada,Santé Canada,5,Workplace well-being,Bien-être en milieu de travail,22,Work-related stress,Stress lié au travail
6,0,0,0,0,2022,,Health Canada,Santé Canada,,Q72i,"Question 72i. Overall, to what extent do the following factors cause you work-related stress? Lack of clear expectations","Question 72i. Dans l'ensemble, dans quelle mesure les facteurs suivants vous causent-ils du stress au travail? Manque d'attentes claires",32,30,18,10,8,1,2,63,18,18,18,3.7,68,5560.0,Health Canada,Santé Canada,5,Workplace well-being,Bien-être en milieu de travail,22,Work-related stress,Stress lié au travail
6,0,0,0,0,2020,,Health Canada,Santé Canada,,Q72i,"Question 72i. Overall, to what extent do the following factors cause you work-related stress? Lack of clear expectations","Question 72i. Dans l'ensemble, dans quelle mesure les facteurs suivants vous causent-ils du stress au travail? Manque d'attentes claires",34,32,18,10,5,0,1,67,19,15,15,3.81,70,5209.0,Health Canada,Santé Canada,5,Workplace well-being,Bien-être en milieu de travail,22,Work-related stress,Stress lié au travail
6,0,0,0,0,2019,,Health Canada,Santé Canada,,Q72i,"Question 72i. Overall, to what extent do the following factors cause you work-related stress? Lack of clear expectations","Question 72i. Dans l'ensemble, dans quelle mesure les facteurs suivants vous causent-ils du stress au travail? Manque d'attentes claires",32,31,19,10,6,0,1,64,20,16,16,3.74,69,5396.0,Health Canada,Santé Canada,5,Workplace well-being,Bien-être en milieu de travail,22,Work-related stress,Stress lié au travail
6,0,0,0,0,2018,,Health Canada,Santé Canada,,Q72i,"Question 72i. Overall, to what extent do the following factors cause you work-related stress? Lack of clear expectations","Question 72i. Dans l'ensemble, dans quelle mesure les facteurs suivants vous causent-ils du stress au travail? Manque d'attentes claires",27,33,21,11,6,1,1,61,21,18,18,3.64,66,4356.0,Health Canada,Santé Canada,5,Workplace well-being,Bien-être en milieu de travail,22,Work-related stress,Stress lié au travail
6,0,0,0,0,2022,,Health Canada,Santé Canada,,Q72j,"Question 72j. Overall, to what extent do the following factors cause you work-related stress? Lack of recognition","Question 72j. Dans l'ensemble, dans quelle mesure les facteurs suivants vous causent-ils du stress au travail? Manque de reconnaissance",44,27,13,7,7,1,1,73,13,14,14,3.96,74,5545.0,Health Canada,Santé Canada,5,Workplace well-being,Bien-être en milieu de travail,22,Work-related stress,Stress lié au travail
6,0,0,0,0,2020,,Health Canada,Santé Canada,,Q72j,"Question 72j. Overall, to what extent do the following factors cause you work-related stress? Lack of recognition","Question 72j. Dans l'ensemble, dans quelle mesure les facteurs suivants vous causent-ils du stress au travail? Manque de reconnaissance",47,26,14,7,5,0,1,74,14,12,12,4.05,76,5200.0,Health Canada,Santé Canada,5,Workplace well-being,Bien-être en milieu de travail,22,Work-related stress,Stress lié au travail
6,0,0,0,0,2019,,Health Canada,Santé Canada,,Q72j,"Question 72j. Overall, to what extent do the following factors cause you work-related stress? Lack of recognition","Question 72j. Dans l'ensemble, dans quelle mesure les facteurs suivants vous causent-ils du stress au travail? Manque de reconnaissance",43,27,15,7,7,0,1,71,15,14,14,3.94,73,5398.0,Health Canada,Santé Canada,5,Workplace well-being,Bien-être en milieu de travail,22,Work-related stress,Stress lié au travail
6,0,0,0,0,2022,,Health Canada,Santé Canada,,Q72k,"Question 72k. Overall, to what extent do the following factors cause you work-related stress? Feeling disconnected from colleagues","Question 72k. Dans l'ensemble, dans quelle mesure les facteurs suivants vous causent-ils du stress au travail? Se sentir déconnecté(e) de ses collègues",51,26,11,6,4,0,2,79,12,10,10,4.17,79,5550.0,Health Canada,Santé Canada,5,Workplace well-being,Bien-être en milieu de travail,22,Work-related stress,Stress lié au travail
6,0,0,0,0,2020,,Health Canada,Santé Canada,,Q72k,"Question 72k. Overall, to what extent do the following factors cause you work-related stress? Feeling disconnected from colleagues","Question 72k. Dans l'ensemble, dans quelle mesure les facteurs suivants vous causent-ils du stress au travail? Se sentir déconnecté(e) de ses collègues",26,32,24,11,6,0,1,59,24,17,17,3.62,65,5216.0,Health Canada,Santé Canada,5,Workplace well-being,Bien-être en milieu de travail,22,Work-related stress,Stress lié au travail
6,0,0,0,0,2022,,Health Canada,Santé Canada,,Q72l,"Question 72l. Overall, to what extent do the following factors cause you work-related stress? Information overload","Question 72l. Dans l'ensemble, dans quelle mesure les facteurs suivants vous causent-ils du stress au travail? Surcharge d'information",33,32,18,9,6,0,1,66,19,15,15,3.79,70,5550.0,Health Canada,Santé Canada,5,Workplace well-being,Bien-être en milieu de travail,22,Work-related stress,Stress lié au travail
6,0,0,0,0,2020,,Health Canada,Santé Canada,,Q72l,"Question 72l. Overall, to what extent do the following factors cause you work-related stress? Information overload","Question 72l. Dans l'ensemble, dans quelle mesure les facteurs suivants vous causent-ils du stress au travail? Surcharge d'information",24,33,23,12,7,0,1,58,23,19,19,3.56,64,5214.0,Health Canada,Santé Canada,5,Workplace well-being,Bien-être en milieu de travail,22,Work-related stress,Stress lié au travail
6,0,0,0,0,2019,,Health Canada,Santé Canada,,Q72l,"Question 72l. Overall, to what extent do the following factors cause you work-related stress? Information overload","Question 72l. Dans l'ensemble, dans quelle mesure les facteurs suivants vous causent-ils du stress au travail? Surcharge d'information",34,32,19,8,5,0,1,68,19,13,13,3.86,71,5398.0,Health Canada,Santé Canada,5,Workplace well-being,Bien-être en milieu de travail,22,Work-related stress,Stress lié au travail
6,0,0,0,0,2018,,Health Canada,Santé Canada,,Q72l,"Question 72l. Overall, to what extent do the following factors cause you work-related stress? Information overload","Question 72l. Dans l'ensemble, dans quelle mesure les facteurs suivants vous causent-ils du stress au travail? Surcharge d'information",28,33,22,11,5,1,1,62,22,16,16,3.69,67,4342.0,Health Canada,Santé Canada,5,Workplace well-being,Bien-être en milieu de travail,22,Work-related stress,Stress lié au travail
6,0,0,0,0,2022,,Health Canada,Santé Canada,,Q72m,"Question 72m. Overall, to what extent do the following factors cause you work-related stress? Physical work environment","Question 72m. Dans l'ensemble, dans quelle mesure les facteurs suivants vous causent-ils du stress au travail? Environnement de travail physique",46,23,13,6,8,1,3,71,14,15,15,3.95,74,5540.0,Health Canada,Santé Canada,5,Workplace well-being,Bien-être en milieu de travail,22,Work-related stress,Stress lié au travail
6,0,0,0,0,2020,,Health Canada,Santé Canada,,Q72m,"Question 72m. Overall, to what extent do the following factors cause you work-related stress? Physical work environment","Question 72m. Dans l'ensemble, dans quelle mesure les facteurs suivants vous causent-ils du stress au travail? Environnement de travail physique",45,30,16,5,3,0,1,76,16,8,8,4.1,78,5195.0,Health Canada,Santé Canada,5,Workplace well-being,Bien-être en milieu de travail,22,Work-related stress,Stress lié au travail
6,0,0,0,0,2019,,Health Canada,Santé Canada,,Q72m,"Question 72m. Overall, to what extent do the following factors cause you work-related stress? Physical work environment","Question 72m. Dans l'ensemble, dans quelle mesure les facteurs suivants vous causent-ils du stress au travail? Environnement de travail physique",52,24,12,5,4,0,2,78,13,9,9,4.18,79,5391.0,Health Canada,Santé Canada,5,Workplace well-being,Bien-être en milieu de travail,22,Work-related stress,Stress lié au travail
6,0,0,0,0,2018,,Health Canada,Santé Canada,,Q72m,"Question 72m. Overall, to what extent do the following factors cause you work-related stress? Physical work environment","Question 72m. Dans l'ensemble, dans quelle mesure les facteurs suivants vous causent-ils du stress au travail? Environnement de travail physique",49,24,13,6,5,1,2,76,14,11,11,4.1,78,4352.0,Health Canada,Santé Canada,5,Workplace well-being,Bien-être en milieu de travail,22,Work-related stress,Stress lié au travail
6,0,0,0,0,2022,,Health Canada,Santé Canada,,Q72n,"Question 72n. Overall, to what extent do the following factors cause you work-related stress? Difficulty accessing my work tools or network (e.g., work email, work device, ergonomic equipment)","Question 72n. Dans l'ensemble, dans quelle mesure les facteurs suivants vous causent-ils du stress au travail? Difficulté à avoir accès à mes outils ou au réseau de travail (p. ex. courriel de travail, appareil de travail, équipement ergonomique)",41,33,15,6,4,0,1,76,15,10,10,4.04,76,5550.0,Health Canada,Santé Canada,5,Workplace well-being,Bien-être en milieu de travail,22,Work-related stress,Stress lié au travail
6,0,0,0,0,2020,,Health Canada,Santé Canada,,Q72n,"Question 72n. Overall, to what extent do the following factors cause you work-related stress? Difficulty accessing my work tools or network (e.g., work email, work device, ergonomic equipment)","Question 72n. Dans l'ensemble, dans quelle mesure les facteurs suivants vous causent-ils du stress au travail? Difficulté à avoir accès à mes outils ou au réseau de travail (p. ex. courriel de travail, appareil de travail, équipement ergonomique)",32,37,19,7,4,0,1,70,19,11,11,3.88,72,5199.0,Health Canada,Santé Canada,5,Workplace well-being,Bien-être en milieu de travail,22,Work-related stress,Stress lié au travail
6,0,0,0,0,2022,,Health Canada,Santé Canada,,Q72o,"Question 72o. Overall, to what extent do the following factors cause you work-related stress? Accessibility or accommodation issues","Question 72o. Dans l'ensemble, dans quelle mesure les facteurs suivants vous causent-ils du stress au travail? Problèmes d'accessibilité ou d'adaptation",67,13,5,2,3,1,9,89,6,6,6,4.54,89,5550.0,Health Canada,Santé Canada,5,Workplace well-being,Bien-être en milieu de travail,22,Work-related stress,Stress lié au travail
6,0,0,0,0,2020,,Health Canada,Santé Canada,,Q72o,"Question 72o. Overall, to what extent do the following factors cause you work-related stress? Accessibility or accommodation issues","Question 72o. Dans l'ensemble, dans quelle mesure les facteurs suivants vous causent-ils du stress au travail? Problèmes d'accessibilité ou d'adaptation",67,17,6,2,2,1,5,90,7,4,4,4.56,89,5197.0,Health Canada,Santé Canada,5,Workplace well-being,Bien-être en milieu de travail,22,Work-related stress,Stress lié au travail
6,0,0,0,0,2019,,Health Canada,Santé Canada,,Q72o,"Question 72o. Overall, to what extent do the following factors cause you work-related stress? Accessibility or accommodation issues","Question 72o. Dans l'ensemble, dans quelle mesure les facteurs suivants vous causent-ils du stress au travail? Problèmes d'accessibilité ou d'adaptation",72,12,4,2,2,1,7,91,5,4,4,4.63,91,5392.0,Health Canada,Santé Canada,5,Workplace well-being,Bien-être en milieu de travail,22,Work-related stress,Stress lié au travail
6,0,0,0,0,2018,,Health Canada,Santé Canada,,Q72o,"Question 72o. Overall, to what extent do the following factors cause you work-related stress? Accessibility or accommodation issues","Question 72o. Dans l'ensemble, dans quelle mesure les facteurs suivants vous causent-ils du stress au travail? Problèmes d'accessibilité ou d'adaptation",66,15,6,3,2,1,6,88,6,6,6,4.51,88,4365.0,Health Canada,Santé Canada,5,Workplace well-being,Bien-être en milieu de travail,22,Work-related stress,Stress lié au travail
6,0,0,0,0,2022,,Health Canada,Santé Canada,,Q72p,"Question 72p. Overall, to what extent do the following factors cause you work-related stress? Harassment or discrimination","Question 72p. Dans l'ensemble, dans quelle mesure les facteurs suivants vous causent-ils du stress au travail? Harcèlement ou discrimination",73,10,4,3,3,2,6,90,4,6,6,4.6,90,5555.0,Health Canada,Santé Canada,5,Workplace well-being,Bien-être en milieu de travail,22,Work-related stress,Stress lié au travail
6,0,0,0,0,2020,,Health Canada,Santé Canada,,Q72p,"Question 72p. Overall, to what extent do the following factors cause you work-related stress? Harassment or discrimination","Question 72p. Dans l'ensemble, dans quelle mesure les facteurs suivants vous causent-ils du stress au travail? Harcèlement ou discrimination",79,9,4,2,2,1,4,92,4,4,4,4.68,92,5188.0,Health Canada,Santé Canada,5,Workplace well-being,Bien-être en milieu de travail,22,Work-related stress,Stress lié au travail
6,0,0,0,0,2019,,Health Canada,Santé Canada,,Q72p,"Question 72p. Overall, to what extent do the following factors cause you work-related stress? Harassment or discrimination","Question 72p. Dans l'ensemble, dans quelle mesure les facteurs suivants vous causent-ils du stress au travail? Harcèlement ou discrimination",72,11,6,3,4,1,3,87,6,7,7,4.51,88,5395.0,Health Canada,Santé Canada,5,Workplace well-being,Bien-être en milieu de travail,22,Work-related stress,Stress lié au travail
6,0,0,0,0,2018,,Health Canada,Santé Canada,,Q72p,"Question 72p. Overall, to what extent do the following factors cause you work-related stress? Harassment or discrimination","Question 72p. Dans l'ensemble, dans quelle mesure les facteurs suivants vous causent-ils du stress au travail? Harcèlement ou discrimination",68,13,6,4,4,2,4,86,6,8,8,4.46,87,4350.0,Health Canada,Santé Canada,5,Workplace well-being,Bien-être en milieu de travail,22,Work-related stress,Stress lié au travail
6,0,0,0,0,2022,,Health Canada,Santé Canada,,Q72q,"Question 72q. Overall, to what extent do the following factors cause you work-related stress? Issue(s) with my co-worker(s)","Question 72q. Dans l'ensemble, dans quelle mesure les facteurs suivants vous causent-ils du stress au travail? Problèmes avec un(e) ou des collègues de travail",67,19,6,2,2,1,3,90,6,4,4,4.54,89,5545.0,Health Canada,Santé Canada,5,Workplace well-being,Bien-être en milieu de travail,22,Work-related stress,Stress lié au travail
6,0,0,0,0,2020,,Health Canada,Santé Canada,,Q72q,"Question 72q. Overall, to what extent do the following factors cause you work-related stress? Issue(s) with my co-worker(s)","Question 72q. Dans l'ensemble, dans quelle mesure les facteurs suivants vous causent-ils du stress au travail? Problèmes avec un(e) ou des collègues de travail",69,19,6,2,1,0,2,91,6,3,3,4.58,89,5193.0,Health Canada,Santé Canada,5,Workplace well-being,Bien-être en milieu de travail,22,Work-related stress,Stress lié au travail
6,0,0,0,0,2019,,Health Canada,Santé Canada,,Q72q,"Question 72q. Overall, to what extent do the following factors cause you work-related stress? Issue(s) with my co-worker(s)","Question 72q. Dans l'ensemble, dans quelle mesure les facteurs suivants vous causent-ils du stress au travail? Problèmes avec un(e) ou des collègues de travail",57,26,9,3,2,0,2,85,9,6,6,4.36,84,5380.0,Health Canada,Santé Canada,5,Workplace well-being,Bien-être en milieu de travail,22,Work-related stress,Stress lié au travail
6,0,0,0,0,2018,,Health Canada,Santé Canada,,Q72q,"Question 72q. Overall, to what extent do the following factors cause you work-related stress? Issue(s) with my co-worker(s)","Question 72q. Dans l'ensemble, dans quelle mesure les facteurs suivants vous causent-ils du stress au travail? Problèmes avec un(e) ou des collègues de travail",56,26,10,4,2,1,1,84,10,6,6,4.32,83,4362.0,Health Canada,Santé Canada,5,Workplace well-being,Bien-être en milieu de travail,22,Work-related stress,Stress lié au travail
6,0,0,0,0,2022,,Health Canada,Santé Canada,,Q72r,"Question 72r. Overall, to what extent do the following factors cause you work-related stress? Issue(s) with individual(s) with authority over me","Question 72r. Dans l'ensemble, dans quelle mesure les facteurs suivants vous causent-ils du stress au travail? Problèmes avec un(e) ou des supérieur(e)s",64,16,8,4,5,1,3,84,8,8,8,4.37,84,5545.0,Health Canada,Santé Canada,5,Workplace well-being,Bien-être en milieu de travail,22,Work-related stress,Stress lié au travail
6,0,0,0,0,2020,,Health Canada,Santé Canada,,Q72r,"Question 72r. Overall, to what extent do the following factors cause you work-related stress? Issue(s) with individual(s) with authority over me","Question 72r. Dans l'ensemble, dans quelle mesure les facteurs suivants vous causent-ils du stress au travail? Problèmes avec un(e) ou des supérieur(e)s",68,17,6,3,3,0,2,87,7,7,7,4.46,87,5203.0,Health Canada,Santé Canada,5,Workplace well-being,Bien-être en milieu de travail,22,Work-related stress,Stress lié au travail
6,0,0,0,0,2019,,Health Canada,Santé Canada,,Q72r,"Question 72r. Overall, to what extent do the following factors cause you work-related stress? Issue(s) with individual(s) with authority over me","Question 72r. Dans l'ensemble, dans quelle mesure les facteurs suivants vous causent-ils du stress au travail? Problèmes avec un(e) ou des supérieur(e)s",60,19,9,5,5,0,2,81,10,9,9,4.28,82,5381.0,Health Canada,Santé Canada,5,Workplace well-being,Bien-être en milieu de travail,22,Work-related stress,Stress lié au travail
6,0,0,0,0,2018,,Health Canada,Santé Canada,,Q72r,"Question 72r. Overall, to what extent do the following factors cause you work-related stress? Issue(s) with individual(s) with authority over me","Question 72r. Dans l'ensemble, dans quelle mesure les facteurs suivants vous causent-ils du stress au travail? Problèmes avec un(e) ou des supérieur(e)s",56,21,10,6,5,1,2,78,11,11,11,4.19,80,4358.0,Health Canada,Santé Canada,5,Workplace well-being,Bien-être en milieu de travail,22,Work-related stress,Stress lié au travail
6,0,0,0,0,2022,,Health Canada,Santé Canada,,Q72s,"Question 72s. Overall, to what extent do the following factors cause you work-related stress? Issue(s) with individual(s) working for me","Question 72s. Dans l'ensemble, dans quelle mesure les facteurs suivants vous causent-ils du stress au travail? Problèmes avec une ou des personnes relevant de moi",59,10,4,1,1,0,24,92,5,3,3,4.65,91,5545.0,Health Canada,Santé Canada,5,Workplace well-being,Bien-être en milieu de travail,22,Work-related stress,Stress lié au travail
6,0,0,0,0,2020,,Health Canada,Santé Canada,,Q72s,"Question 72s. Overall, to what extent do the following factors cause you work-related stress? Issue(s) with individual(s) working for me","Question 72s. Dans l'ensemble, dans quelle mesure les facteurs suivants vous causent-ils du stress au travail? Problèmes avec une ou des personnes relevant de moi",60,11,4,1,1,0,23,92,5,3,3,4.66,92,5199.0,Health Canada,Santé Canada,5,Workplace well-being,Bien-être en milieu de travail,22,Work-related stress,Stress lié au travail
6,0,0,0,0,2019,,Health Canada,Santé Canada,,Q72s,"Question 72s. Overall, to what extent do the following factors cause you work-related stress? Issue(s) with individual(s) working for me","Question 72s. Dans l'ensemble, dans quelle mesure les facteurs suivants vous causent-ils du stress au travail? Problèmes avec une ou des personnes relevant de moi",55,12,5,2,1,0,25,90,6,4,4,4.59,90,5360.0,Health Canada,Santé Canada,5,Workplace well-being,Bien-être en milieu de travail,22,Work-related stress,Stress lié au travail
6,0,0,0,0,2018,,Health Canada,Santé Canada,,Q72s,"Question 72s. Overall, to what extent do the following factors cause you work-related stress? Issue(s) with individual(s) working for me","Question 72s. Dans l'ensemble, dans quelle mesure les facteurs suivants vous causent-ils du stress au travail? Problèmes avec une ou des personnes relevant de moi",50,12,5,2,1,1,29,88,7,5,5,4.54,88,4342.0,Health Canada,Santé Canada,5,Workplace well-being,Bien-être en milieu de travail,22,Work-related stress,Stress lié au travail
6,0,0,0,0,2022,,Health Canada,Santé Canada,,Q72t,"Question 72t. Overall, to what extent do the following factors cause you work-related stress? Issue(s) with other individual(s) (e.g., members of the public, individuals from other departments or agencies)","Question 72t. Dans l'ensemble, dans quelle mesure les facteurs suivants vous causent-ils du stress au travail? Problèmes avec d'autres personnes (p.ex. un membre du public, personne d'autres ministères ou organismes)",69,15,5,1,1,1,7,91,6,3,3,4.63,91,5530.0,Health Canada,Santé Canada,5,Workplace well-being,Bien-être en milieu de travail,22,Work-related stress,Stress lié au travail
6,0,0,0,0,2020,,Health Canada,Santé Canada,,Q72t,"Question 72t. Overall, to what extent do the following factors cause you work-related stress? Issue(s) with other individual(s) (e.g., members of the public, individuals from other departments or agencies)","Question 72t. Dans l'ensemble, dans quelle mesure les facteurs suivants vous causent-ils du stress au travail? Problèmes avec d'autres personnes (p.ex. un membre du public, personne d'autres ministères ou organismes)",70,18,5,2,1,1,4,92,5,2,2,4.63,91,5224.0,Health Canada,Santé Canada,5,Workplace well-being,Bien-être en milieu de travail,22,Work-related stress,Stress lié au travail
6,0,0,0,0,2019,,Health Canada,Santé Canada,,Q72t,"Question 72t. Overall, to what extent do the following factors cause you work-related stress? Issue(s) with other individual(s) (e.g., members of the public, individuals from other departments or agencies)","Question 72t. Dans l'ensemble, dans quelle mesure les facteurs suivants vous causent-ils du stress au travail? Problèmes avec d'autres personnes (p.ex. un membre du public, personne d'autres ministères ou organismes)",69,17,6,2,1,0,6,91,6,3,3,4.6,90,5380.0,Health Canada,Santé Canada,5,Workplace well-being,Bien-être en milieu de travail,22,Work-related stress,Stress lié au travail
6,0,0,0,0,2018,,Health Canada,Santé Canada,,Q72t,"Question 72t. Overall, to what extent do the following factors cause you work-related stress? Issue(s) with other individual(s) (e.g., members of the public, individuals from other departments or agencies)","Question 72t. Dans l'ensemble, dans quelle mesure les facteurs suivants vous causent-ils du stress au travail? Problèmes avec d'autres personnes (p.ex. un membre du public, personne d'autres ministères ou organismes)",64,19,7,2,1,1,7,89,8,3,3,4.54,89,4345.0,Health Canada,Santé Canada,5,Workplace well-being,Bien-être en milieu de travail,22,Work-related stress,Stress lié au travail
6,0,0,0,0,2022,,Health Canada,Santé Canada,,Q72u,"Question 72u. Overall, to what extent do the following factors cause you work-related stress? Lack of job security","Question 72u. Dans l'ensemble, dans quelle mesure les facteurs suivants vous causent-ils du stress au travail? Manque de sécurité d'emploi",65,15,5,4,6,1,4,85,6,10,10,4.38,85,5555.0,Health Canada,Santé Canada,5,Workplace well-being,Bien-être en milieu de travail,22,Work-related stress,Stress lié au travail
6,0,0,0,0,2020,,Health Canada,Santé Canada,,Q72u,"Question 72u. Overall, to what extent do the following factors cause you work-related stress? Lack of job security","Question 72u. Dans l'ensemble, dans quelle mesure les facteurs suivants vous causent-ils du stress au travail? Manque de sécurité d'emploi",65,18,7,4,4,0,2,85,7,8,8,4.41,85,5216.0,Health Canada,Santé Canada,5,Workplace well-being,Bien-être en milieu de travail,22,Work-related stress,Stress lié au travail
6,0,0,0,0,2019,,Health Canada,Santé Canada,,Q72u,"Question 72u. Overall, to what extent do the following factors cause you work-related stress? Lack of job security","Question 72u. Dans l'ensemble, dans quelle mesure les facteurs suivants vous causent-ils du stress au travail? Manque de sécurité d'emploi",70,14,5,3,4,1,3,88,5,7,7,4.5,88,5400.0,Health Canada,Santé Canada,5,Workplace well-being,Bien-être en milieu de travail,22,Work-related stress,Stress lié au travail
6,0,0,0,0,2018,,Health Canada,Santé Canada,,Q72u,"Question 72u. Overall, to what extent do the following factors cause you work-related stress? Lack of job security","Question 72u. Dans l'ensemble, dans quelle mesure les facteurs suivants vous causent-ils du stress au travail? Manque de sécurité d'emploi",65,16,6,3,4,1,5,86,7,8,8,4.43,86,4364.0,Health Canada,Santé Canada,5,Workplace well-being,Bien-être en milieu de travail,22,Work-related stress,Stress lié au travail
6,0,0,0,0,2022,,Health Canada,Santé Canada,,Q72v,"Question 72v. Overall, to what extent do the following factors cause you work-related stress? Personal issues","Question 72v. Dans l'ensemble, dans quelle mesure les facteurs suivants vous causent-ils du stress au travail? Problèmes personnels",48,26,14,4,3,1,4,78,14,8,8,4.16,79,5555.0,Health Canada,Santé Canada,5,Workplace well-being,Bien-être en milieu de travail,22,Work-related stress,Stress lié au travail
6,0,0,0,0,2020,,Health Canada,Santé Canada,,Q72v,"Question 72v. Overall, to what extent do the following factors cause you work-related stress? Personal issues","Question 72v. Dans l'ensemble, dans quelle mesure les facteurs suivants vous causent-ils du stress au travail? Problèmes personnels",43,30,16,6,3,0,2,74,17,9,9,4.06,76,5229.0,Health Canada,Santé Canada,5,Workplace well-being,Bien-être en milieu de travail,22,Work-related stress,Stress lié au travail
6,0,0,0,0,2019,,Health Canada,Santé Canada,,Q72v,"Question 72v. Overall, to what extent do the following factors cause you work-related stress? Personal issues","Question 72v. Dans l'ensemble, dans quelle mesure les facteurs suivants vous causent-ils du stress au travail? Problèmes personnels",52,27,12,4,2,0,2,82,12,6,6,4.27,82,5389.0,Health Canada,Santé Canada,5,Workplace well-being,Bien-être en milieu de travail,22,Work-related stress,Stress lié au travail
6,0,0,0,0,2018,,Health Canada,Santé Canada,,Q72v,"Question 72v. Overall, to what extent do the following factors cause you work-related stress? Personal issues","Question 72v. Dans l'ensemble, dans quelle mesure les facteurs suivants vous causent-ils du stress au travail? Problèmes personnels",47,29,14,4,2,1,3,79,14,7,7,4.19,80,4360.0,Health Canada,Santé Canada,5,Workplace well-being,Bien-être en milieu de travail,22,Work-related stress,Stress lié au travail
6,0,0,0,0,2022,,Health Canada,Santé Canada,,Q73,"Question 73. Overall, my level of work-related stress is...","Question 73. Dans l'ensemble, mon niveau de stress lié au travail est...",9,32,39,14,6,0,0,41,39,20,20,3.23,56,5575.0,Health Canada,Santé Canada,5,Workplace well-being,Bien-être en milieu de travail,22,Work-related stress,Stress lié au travail
6,0,0,0,0,2020,,Health Canada,Santé Canada,,Q73,"Question 73. Overall, my level of work-related stress is...","Question 73. Dans l'ensemble, mon niveau de stress lié au travail est...",11,33,36,14,5,0,0,44,36,20,20,3.3,58,5232.0,Health Canada,Santé Canada,5,Workplace well-being,Bien-être en milieu de travail,22,Work-related stress,Stress lié au travail
6,0,0,0,0,2019,,Health Canada,Santé Canada,,Q73,"Question 73. Overall, my level of work-related stress is...","Question 73. Dans l'ensemble, mon niveau de stress lié au travail est...",15,35,34,11,4,0,0,51,35,15,15,3.47,62,5437.0,Health Canada,Santé Canada,5,Workplace well-being,Bien-être en milieu de travail,22,Work-related stress,Stress lié au travail
6,0,0,0,0,2018,,Health Canada,Santé Canada,,Q73,"Question 73. Overall, my level of work-related stress is...","Question 73. Dans l'ensemble, mon niveau de stress lié au travail est...",14,33,36,12,4,0,0,47,36,17,17,3.4,60,4391.0,Health Canada,Santé Canada,5,Workplace well-being,Bien-être en milieu de travail,22,Work-related stress,Stress lié au travail
6,0,0,0,0,2022,,Health Canada,Santé Canada,,Q74,"Question 74. After my workday, I feel emotionally drained.","Question 74. Après ma journée de travail, je me sens épuisé(e) émotionnellement.",9,20,41,20,9,0,0,30,41,29,29,3,50,5565.0,Health Canada,Santé Canada,5,Workplace well-being,Bien-être en milieu de travail,22,Work-related stress,Stress lié au travail
6,0,0,0,0,2020,,Health Canada,Santé Canada,,Q74,"Question 74. After my workday, I feel emotionally drained.","Question 74. Après ma journée de travail, je me sens épuisé(e) émotionnellement.",12,20,39,20,8,0,0,28,39,33,33,2.91,48,5220.0,Health Canada,Santé Canada,5,Workplace well-being,Bien-être en milieu de travail,22,Work-related stress,Stress lié au travail
6,0,0,0,0,2019,,Health Canada,Santé Canada,,Q74,"Question 74. After my workday, I feel emotionally drained.","Question 74. Après ma journée de travail, je me sens épuisé(e) émotionnellement.",9,16,40,24,10,0,0,34,40,25,25,3.1,52,5396.0,Health Canada,Santé Canada,5,Workplace well-being,Bien-être en milieu de travail,22,Work-related stress,Stress lié au travail
6,0,0,0,0,2018,,Health Canada,Santé Canada,,Q74,"Question 74. After my workday, I feel emotionally drained.","Question 74. Après ma journée de travail, je me sens épuisé(e) émotionnellement.",9,18,39,23,10,0,0,33,40,27,27,3.07,52,4335.0,Health Canada,Santé Canada,5,Workplace well-being,Bien-être en milieu de travail,22,Work-related stress,Stress lié au travail
6,0,0,0,0,2022,,Health Canada,Santé Canada,,Q75,Question 75. My department or agency does a good job of raising awareness of mental health in the workplace.,Question 75. Mon ministère ou organisme fait un bon travail de sensibilisation à la santé mentale en milieu de travail.,33,41,13,7,4,2,0,75,13,11,75,3.93,73,5570.0,Health Canada,Santé Canada,5,Workplace well-being,Bien-être en milieu de travail,21,A psychologically healthy workplace,Milieu de travail sain sur le plan psychologique
6,0,0,0,0,2020,,Health Canada,Santé Canada,,Q75,Question 75. My department or agency does a good job of raising awareness of mental health in the workplace.,Question 75. Mon ministère ou organisme fait un bon travail de sensibilisation à la santé mentale en milieu de travail.,48,38,9,3,1,1,0,87,9,4,87,4.29,82,5225.0,Health Canada,Santé Canada,5,Workplace well-being,Bien-être en milieu de travail,21,A psychologically healthy workplace,Milieu de travail sain sur le plan psychologique
6,0,0,0,0,2019,,Health Canada,Santé Canada,,Q75,Question 75. My department or agency does a good job of raising awareness of mental health in the workplace.,Question 75. Mon ministère ou organisme fait un bon travail de sensibilisation à la santé mentale en milieu de travail.,39,39,12,6,2,2,0,80,12,8,80,4.1,78,5415.0,Health Canada,Santé Canada,5,Workplace well-being,Bien-être en milieu de travail,21,A psychologically healthy workplace,Milieu de travail sain sur le plan psychologique
6,0,0,0,0,2018,,Health Canada,Santé Canada,,Q75,Question 75. My department or agency does a good job of raising awareness of mental health in the workplace.,Question 75. Mon ministère ou organisme fait un bon travail de sensibilisation à la santé mentale en milieu de travail.,38,40,12,5,3,2,0,80,12,8,80,4.09,77,4374.0,Health Canada,Santé Canada,5,Workplace well-being,Bien-être en milieu de travail,21,A psychologically healthy workplace,Milieu de travail sain sur le plan psychologique
6,0,0,0,0,2022,,Health Canada,Santé Canada,,Q76,"Question 76. In general, how is your mental health?","Question 76. En général, comment est votre santé mentale?",10,26,36,21,7,9999,9999,36,36,28,9999,3.1,53,5570.0,Health Canada,Santé Canada,5,Workplace well-being,Bien-être en milieu de travail,21,A psychologically healthy workplace,Milieu de travail sain sur le plan psychologique
6,0,0,0,0,2022,,Health Canada,Santé Canada,,Q77,Question 77. My immediate supervisor supports my mental health and well-being.,Question 77. Mon (ma) superviseur(e) immédiat(e) soutient ma santé mentale et mon bien-être.,56,26,9,3,2,2,1,84,10,6,84,4.34,84,5575.0,Health Canada,Santé Canada,5,Workplace well-being,Bien-être en milieu de travail,21,A psychologically healthy workplace,Milieu de travail sain sur le plan psychologique
6,0,0,0,0,2020,,Health Canada,Santé Canada,,Q77,Question 77. My immediate supervisor supports my mental health and well-being.,Question 77. Mon (ma) superviseur(e) immédiat(e) soutient ma santé mentale et mon bien-être.,51,27,11,4,2,3,1,82,12,7,82,4.26,81,5201.0,Health Canada,Santé Canada,5,Workplace well-being,Bien-être en milieu de travail,21,A psychologically healthy workplace,Milieu de travail sain sur le plan psychologique
6,0,0,0,0,2022,,Health Canada,Santé Canada,,Q78,Question 78. I would feel comfortable sharing concerns with my immediate supervisor about my mental health.,Question 78. Je me sentirais à l'aise de faire part à mon (ma) superviseur(e) immédiat(e) de mes préoccupations à propos de ma santé mentale.,46,27,9,9,7,2,1,74,10,16,74,3.97,74,5570.0,Health Canada,Santé Canada,5,Workplace well-being,Bien-être en milieu de travail,21,A psychologically healthy workplace,Milieu de travail sain sur le plan psychologique
6,0,0,0,0,2020,,Health Canada,Santé Canada,,Q78,Question 78. I would feel comfortable sharing concerns with my immediate supervisor about my mental health.,Question 78. Je me sentirais à l'aise de faire part à mon (ma) superviseur(e) immédiat(e) de mes préoccupations à propos de ma santé mentale.,40,30,10,11,7,2,1,72,10,18,72,3.89,72,5224.0,Health Canada,Santé Canada,5,Workplace well-being,Bien-être en milieu de travail,21,A psychologically healthy workplace,Milieu de travail sain sur le plan psychologique
6,0,0,0,0,2022,,Health Canada,Santé Canada,,Q79,Question 79. I would feel comfortable sharing concerns with my immediate supervisor about my physical health and safety.,Question 79. Je me sentirais à l'aise de faire part à mon (ma) superviseur(e) immédiat(e) de mes préoccupations à propos de ma santé physique et ma sécurité.,55,28,6,5,4,1,1,85,7,9,85,4.28,82,5575.0,Health Canada,Santé Canada,5,Workplace well-being,Bien-être en milieu de travail,20,A safe and healthy workplace,Un milieu de travail sûr et sain
6,0,0,0,0,2020,,Health Canada,Santé Canada,,Q79,Question 79. I would feel comfortable sharing concerns with my immediate supervisor about my physical health and safety.,Question 79. Je me sentirais à l'aise de faire part à mon (ma) superviseur(e) immédiat(e) de mes préoccupations à propos de ma santé physique et ma sécurité.,52,30,8,6,3,1,0,83,8,10,83,4.22,81,5214.0,Health Canada,Santé Canada,5,Workplace well-being,Bien-être en milieu de travail,20,A safe and healthy workplace,Un milieu de travail sûr et sain
6,0,0,0,0,2022,,Health Canada,Santé Canada,,Q80,Question 80. I would describe my workplace as being psychologically healthy.,Question 80. Je dirais que mon milieu de travail est sain sur le plan psychologique.,29,38,14,10,7,2,0,69,14,17,69,3.75,69,5570.0,Health Canada,Santé Canada,5,Workplace well-being,Bien-être en milieu de travail,21,A psychologically healthy workplace,Milieu de travail sain sur le plan psychologique
6,0,0,0,0,2020,,Health Canada,Santé Canada,,Q80,Question 80. I would describe my workplace as being psychologically healthy.,Question 80. Je dirais que mon milieu de travail est sain sur le plan psychologique.,36,35,15,8,4,2,0,72,15,13,72,3.91,73,5228.0,Health Canada,Santé Canada,5,Workplace well-being,Bien-être en milieu de travail,21,A psychologically healthy workplace,Milieu de travail sain sur le plan psychologique
6,0,0,0,0,2019,,Health Canada,Santé Canada,,Q80,Question 80. I would describe my workplace as being psychologically healthy.,Question 80. Je dirais que mon milieu de travail est sain sur le plan psychologique.,28,36,16,11,6,1,0,65,17,18,65,3.7,67,5428.0,Health Canada,Santé Canada,5,Workplace well-being,Bien-être en milieu de travail,21,A psychologically healthy workplace,Milieu de travail sain sur le plan psychologique
6,0,0,0,0,2018,,Health Canada,Santé Canada,,Q80,Question 80. I would describe my workplace as being psychologically healthy.,Question 80. Je dirais que mon milieu de travail est sain sur le plan psychologique.,27,37,16,12,7,2,0,65,16,19,65,3.66,67,4381.0,Health Canada,Santé Canada,5,Workplace well-being,Bien-être en milieu de travail,21,A psychologically healthy workplace,Milieu de travail sain sur le plan psychologique
6,0,0,0,0,2022,,Health Canada,Santé Canada,,Q82,Question 82. I am equipped to support employees in my work unit who are experiencing mental health issues. (for supervisors),Question 82. Je suis outillé(e) pour aider les employé(e)s de mon unité de travail qui ont des problèmes de santé mentale. (Pour les superviseurs),18,50,14,11,5,1,1,69,14,17,69,3.65,66,1430.0,Health Canada,Santé Canada,5,Workplace well-being,Bien-être en milieu de travail,21,A psychologically healthy workplace,Milieu de travail sain sur le plan psychologique
6,0,0,0,0,2020,,Health Canada,Santé Canada,,Q82,Question 82. I am equipped to support employees in my work unit who are experiencing mental health issues. (for supervisors),Question 82. Je suis outillé(e) pour aider les employé(e)s de mon unité de travail qui ont des problèmes de santé mentale. (pour les superviseurs),25,48,12,12,3,1,0,74,12,15,74,3.81,70,1259.0,Health Canada,Santé Canada,5,Workplace well-being,Bien-être en milieu de travail,21,A psychologically healthy workplace,Milieu de travail sain sur le plan psychologique
6,0,0,0,0,2019,,Health Canada,Santé Canada,,Q82,Question 82. I am equipped to support employees in my work unit who are experiencing mental health issues. (for supervisors),Question 82. Je suis outillé(e) pour aider les employé(e)s de mon unité de travail qui ont des problèmes de santé mentale. (pour les superviseurs),25,48,12,9,3,1,1,75,12,13,75,3.84,71,1281.0,Health Canada,Santé Canada,5,Workplace well-being,Bien-être en milieu de travail,21,A psychologically healthy workplace,Milieu de travail sain sur le plan psychologique
6,0,0,0,0,2022,,Health Canada,Santé Canada,,Q83,"Question 83. Having carefully read the definition of duty to accommodate, have you requested workplace accommodation measures in the last two years?","Question 83. Après avoir lu attentivement la définition de l'obligation de prendre des mesures d'adaptation, au cours des deux dernières années, avez-vous demandé des mesures d'adaptation en milieu de travail?",18,82,9999,9999,9999,9999,9999,9999,9999,9999,18,99,9999,5570.0,Health Canada,Santé Canada,4,Workplace,Milieu de travail,18,Duty to accommodate,Obligation de prendre des mesures dadaptation
6,0,0,0,0,2020,,Health Canada,Santé Canada,,Q83,"Question 83. Having carefully read the definition of duty to accommodate, have you requested workplace accommodation measures in the last two years?","Question 83. Après avoir lu attentivement la définition de l'obligation de prendre des mesures d'adaptation, au cours des deux dernières années, avez-vous demandé des mesures d'adaptation en milieu de travail?",14,86,9999,9999,9999,9999,9999,9999,9999,9999,14,99,9999,5228.0,Health Canada,Santé Canada,4,Workplace,Milieu de travail,18,Duty to accommodate,Obligation de prendre des mesures dadaptation
6,0,0,0,0,2019,,Health Canada,Santé Canada,,Q83,"Question 83. Having carefully read the definition of duty to accommodate, have you requested workplace accommodation measures in the last two years?","Question 83. Après avoir lu attentivement la définition de l'obligation de prendre des mesures d'adaptation, au cours des deux dernières années, avez-vous demandé des mesures d'adaptation en milieu de travail?",19,81,9999,9999,9999,9999,9999,9999,9999,9999,19,99,9999,5430.0,Health Canada,Santé Canada,4,Workplace,Milieu de travail,18,Duty to accommodate,Obligation de prendre des mesures dadaptation
6,0,0,0,0,2022,,Health Canada,Santé Canada,,Q84,Question 84. Were the requests for workplace accommodation measures related to a disability?,Question 84. Les mesures d'adaptation en milieu de travail qui ont fait l'objet d'une demande étaient-elles liées à une incapacité?,56,44,9999,9999,9999,9999,9999,9999,9999,9999,56,99,9999,1030.0,Health Canada,Santé Canada,4,Workplace,Milieu de travail,18,Duty to accommodate,Obligation de prendre des mesures dadaptation
6,0,0,0,0,2020,,Health Canada,Santé Canada,,Q84,Question 84. Were the requests for workplace accommodation measures related to a disability?,Question 84. Les mesures d'adaptation en milieu de travail qui ont fait l'objet d'une demande étaient-elles liées à une incapacité?,50,50,9999,9999,9999,9999,9999,9999,9999,9999,50,99,9999,708.0,Health Canada,Santé Canada,4,Workplace,Milieu de travail,18,Duty to accommodate,Obligation de prendre des mesures dadaptation
6,0,0,0,0,2022,,Health Canada,Santé Canada,,Q85,Question 85. Were any workplace accommodation measures implemented?,Question 85. Est-ce que des mesures d'adaptation quelconques ont été prises?,75,25,9999,9999,9999,9999,9999,9999,9999,9999,75,99,9999,1025.0,Health Canada,Santé Canada,4,Workplace,Milieu de travail,18,Duty to accommodate,Obligation de prendre des mesures dadaptation
6,0,0,0,0,2020,,Health Canada,Santé Canada,,Q85,Question 85. Were any workplace accommodation measures implemented?,Question 85. Est-ce que des mesures d'adaptation quelconques ont été prises?,82,18,9999,9999,9999,9999,9999,9999,9999,9999,82,99,9999,710.0,Health Canada,Santé Canada,4,Workplace,Milieu de travail,18,Duty to accommodate,Obligation de prendre des mesures dadaptation
6,0,0,0,0,2019,,Health Canada,Santé Canada,,Q85,Question 85. Were any workplace accommodation measures implemented?,Question 85. Est-ce que des mesures d'adaptation quelconques ont été prises?,83,17,9999,9999,9999,9999,9999,9999,9999,9999,83,99,9999,1034.0,Health Canada,Santé Canada,4,Workplace,Milieu de travail,18,Duty to accommodate,Obligation de prendre des mesures dadaptation
6,0,0,0,0,2022,,Health Canada,Santé Canada,,Q86,Question 86. I am satisfied with the workplace accommodation measures that were implemented.,Question 86. Je suis satisfait(e) par les mesures d'adaptation en milieu de travail qui ont été prises.,43,36,7,7,3,2,1,82,8,11,82,4.13,78,780.0,Health Canada,Santé Canada,4,Workplace,Milieu de travail,18,Duty to accommodate,Obligation de prendre des mesures dadaptation
6,0,0,0,0,2020,,Health Canada,Santé Canada,,Q86,Question 86. I am satisfied with the workplace accommodation measures that were implemented.,Question 86. Je suis satisfait(e) par les mesures d'adaptation en milieu de travail qui ont été prises.,51,30,8,9,2,0,0,81,8,11,81,4.19,80,577.0,Health Canada,Santé Canada,4,Workplace,Milieu de travail,18,Duty to accommodate,Obligation de prendre des mesures dadaptation
6,0,0,0,0,2019,,Health Canada,Santé Canada,,Q86,Question 86. I am satisfied with the workplace accommodation measures that were implemented.,Question 86. Je suis satisfait(e) par les mesures d'adaptation en milieu de travail qui ont été prises.,52,33,4,7,3,1,0,85,4,11,85,4.23,81,844.0,Health Canada,Santé Canada,4,Workplace,Milieu de travail,18,Duty to accommodate,Obligation de prendre des mesures dadaptation
6,0,0,0,0,2022,,Health Canada,Santé Canada,,Q87,Question 87. I would feel comfortable requesting workplace accommodation measures from my immediate supervisor.,Question 87. Je me sentirais à l'aise de demander des mesures d'adaptation en milieu de travail auprès de mon (ma) superviseur(e) immédiat(e).,49,31,7,5,2,2,3,85,7,8,85,4.26,82,5565.0,Health Canada,Santé Canada,4,Workplace,Milieu de travail,18,Duty to accommodate,Obligation de prendre des mesures dadaptation
6,0,0,0,0,2020,,Health Canada,Santé Canada,,Q87,Question 87. I would feel comfortable requesting workplace accommodation measures from my immediate supervisor.,Question 87. Je me sentirais à l'aise de demander des mesures d'adaptation en milieu de travail auprès de mon (ma) superviseur(e) immédiat(e).,50,31,7,5,2,2,3,85,8,7,85,4.29,82,5238.0,Health Canada,Santé Canada,4,Workplace,Milieu de travail,18,Duty to accommodate,Obligation de prendre des mesures dadaptation
6,0,0,0,0,2022,,Health Canada,Santé Canada,,Q88,"Question 88. In the last 12 months, has your pay or other compensation been affected by issues with the Phoenix pay system?","Question 88. Au cours des 12 derniers mois, votre paye ou autre rémunération a-t-elle été touchée par les problèmes liés au système de paye Phénix?",21,62,16,1,9999,9999,9999,62,9999,21,21,99,9999,5570.0,Health Canada,Santé Canada,6,Compensation,Rémunération,23,Pay or other compensation issues,Problèmes de paye ou de rémunération
6,0,0,0,0,2020,,Health Canada,Santé Canada,,Q88,"Question 88. In the last 12 months, has your pay or other compensation been affected by issues with the Phoenix pay system?","Question 88. Au cours des 12 derniers mois, votre paye ou autre rémunération a-t-elle été touchée par les problèmes liés au système de paye Phénix?",28,51,20,1,9999,9999,9999,65,9999,35,35,99,9999,5241.0,Health Canada,Santé Canada,6,Compensation,Rémunération,23,Pay or other compensation issues,Problèmes de paye ou de rémunération
6,0,0,0,0,2022,,Health Canada,Santé Canada,,Q89,Question 89. Have all your pay or other compensation issues been resolved?,Question 89. Est-ce que tous vos problèmes de paye ou autre rémunération ont été réglés?,41,59,9999,9999,9999,9999,9999,41,9999,59,41,99,9999,1180.0,Health Canada,Santé Canada,6,Compensation,Rémunération,23,Pay or other compensation issues,Problèmes de paye ou de rémunération
6,0,0,0,0,2020,,Health Canada,Santé Canada,,Q89,Question 89. Have all your pay or other compensation issues been resolved?,Question 89. Est-ce que tous vos problèmes de paye ou autre rémunération ont été réglés?,34,66,9999,9999,9999,9999,9999,34,9999,66,34,99,9999,1468.0,Health Canada,Santé Canada,6,Compensation,Rémunération,23,Pay or other compensation issues,Problèmes de paye ou de rémunération
6,0,0,0,0,2022,,Health Canada,Santé Canada,,Q90,"Question 90. I am satisfied with the support (e.g., regular information, follow-up, making enquiries on my behalf, offering emergency or priority pay) I received from my department or agency to help resolve my pay or other compensation issues.","Question 90. Je suis satisfait(e) du soutien (p. ex. information régulière, suivi, demandes de renseignements en mon nom, paiement d'urgence ou paiement prioritaire) que j'ai reçu de la part de mon ministère ou organisme pour m'aider à régler mes problèmes de paye ou autre rémunération.",9,20,15,18,29,2,6,32,16,52,32,2.58,40,1175.0,Health Canada,Santé Canada,6,Compensation,Rémunération,24,Support to resolve pay or other compensation issues,Soutien afin de régler les problèmes de paye ou autre rémunération
6,0,0,0,0,2020,,Health Canada,Santé Canada,,Q90,"Question 90. I am satisfied with the support (e.g., regular information, follow-up, making enquiries on my behalf, offering emergency or priority pay) I received from my department or agency to help resolve my pay or other compensation issues.","Question 90. Je suis satisfait(e) du soutien (p. ex. information régulière, suivi, demandes de renseignements en mon nom, paiement d'urgence ou paiement prioritaire) que j'ai reçu de la part de mon ministère ou organisme pour m'aider à régler mes problèmes de paye ou autre rémunération.",11,21,17,21,23,1,5,35,18,47,35,2.76,44,1465.0,Health Canada,Santé Canada,6,Compensation,Rémunération,24,Support to resolve pay or other compensation issues,Soutien afin de régler les problèmes de paye ou autre rémunération
6,0,0,0,0,2022,,Health Canada,Santé Canada,,Q91,Question 91. I am satisfied with the support I received from the Pay Centre to help resolve my pay or other compensation issues.,Question 91. Je suis satisfait(e) du soutien que j'ai reçu de la part du Centre des services de paye pour m'aider à régler mes problèmes de paye ou autre rémunération.,5,18,13,20,38,2,2,24,14,61,24,2.28,32,1170.0,Health Canada,Santé Canada,6,Compensation,Rémunération,24,Support to resolve pay or other compensation issues,Soutien afin de régler les problèmes de paye ou autre rémunération
6,0,0,0,0,2020,,Health Canada,Santé Canada,,Q91,Question 91. I am satisfied with the support I received from the Pay Centre to help resolve my pay or other compensation issues.,Question 91. Je suis satisfait(e) du soutien que j'ai reçu de la part du Centre des services de paye pour m'aider à régler mes problèmes de paye ou autre rémunération.,6,16,16,23,35,1,2,23,16,60,23,2.33,33,1467.0,Health Canada,Santé Canada,6,Compensation,Rémunération,24,Support to resolve pay or other compensation issues,Soutien afin de régler les problèmes de paye ou autre rémunération
6,0,0,0,0,2022,,Health Canada,Santé Canada,,Q92,"Question 92. To what extent have issues with the Phoenix pay system affected your decision to seek or accept another position (e.g., deployment, promotion, secondment, assignment, acting assignment) within your department or agency or the federal public service?","Question 92. Dans quelle mesure les problèmes liés au système de paye Phénix ont-ils affecté votre décision de chercher ou d'accepter un autre poste (p. ex. mutation, promotion, détachement, affectation, affectation intérimaire) au sein de votre organisation ou de la fonction publique fédérale?",41,17,10,5,5,3,19,75,13,13,13,4.09,77,5565.0,Health Canada,Santé Canada,6,Compensation,Rémunération,23,Pay or other compensation issues,Problèmes de paye ou de rémunération
6,0,0,0,0,2020,,Health Canada,Santé Canada,,Q92,"Question 92. To what extent have issues with the Phoenix pay system affected your decision to seek or accept another position (e.g., deployment, promotion, secondment, assignment, acting assignment) within your department or agency or the federal public service?","Question 92. Dans quelle mesure les problèmes liés au système de paye Phénix ont-ils affecté votre décision de chercher ou d'accepter un autre poste (p. ex. mutation, promotion, détachement, affectation, affectation intérimaire) au sein de votre organisation ou de la fonction publique fédérale?",43,20,12,7,6,1,11,71,14,15,15,3.97,74,5233.0,Health Canada,Santé Canada,6,Compensation,Rémunération,23,Pay or other compensation issues,Problèmes de paye ou de rémunération
6,0,0,0,0,2019,,Health Canada,Santé Canada,,Q92,"Question 92. To what extent have issues with the Phoenix pay system affected your decision to seek or accept another position (e.g., deployment, promotion, secondment, assignment, acting assignment) within your department or agency or the federal public service?","Question 92. Dans quelle mesure les problèmes liés au système de paye Phénix ont-ils affecté votre décision de chercher ou d'accepter un autre poste (p. ex. mutation, promotion, détachement, affectation, affectation intérimaire) au sein de votre organisation ou de la fonction publique fédérale?",37,19,15,9,11,1,7,62,16,22,22,3.68,67,5333.0,Health Canada,Santé Canada,6,Compensation,Rémunération,23,Pay or other compensation issues,Problèmes de paye ou de rémunération
6,0,0,0,0,2018,,Health Canada,Santé Canada,,Q92,"Question 92. To what extent have issues with the Phoenix pay system affected your decision to seek or accept another position (e.g., deployment, promotion, secondment, assignment, acting assignment) within your department or agency or the federal public service?","Question 92. Dans quelle mesure les problèmes liés au système de paye Phénix ont-ils affecté votre décision de chercher ou d'accepter un autre poste (p. ex. mutation, promotion, détachement, affectation, affectation intérimaire) au sein de votre organisation ou de la fonction publique fédérale?",33,18,15,11,11,1,10,58,17,25,25,3.58,64,4376.0,Health Canada,Santé Canada,6,Compensation,Rémunération,23,Pay or other compensation issues,Problèmes de paye ou de rémunération
6,0,0,0,0,2022,,Health Canada,Santé Canada,,Q94,"Question 94. In general, which of the following best describes the percentage of time you spend working at a Government of Canada location?","Question 94. En général, lequel des énoncés suivants décrit le mieux le pourcentage de temps que vous consacrez à travailler dans un bureau du gouvernement du Canada?",19,67,7,3,4,9999,9999,9999,9999,9999,9999,99,9999,3965.0,Health Canada,Santé Canada,4,Workplace,Milieu de travail,19,Future of work,Lavenir du travail
6,0,0,0,0,2022,,Health Canada,Santé Canada,,Q95,"Question 95. When working at a Government of Canada location, do you usually work there on the same days of the week?","Question 95. Lorsque vous travaillez dans un bureau du gouvernement du Canada, y travaillez-vous habituellement les mêmes jours de la semaine?",82,18,9999,9999,9999,9999,9999,9999,9999,9999,82,99,9999,4225.0,Health Canada,Santé Canada,4,Workplace,Milieu de travail,19,Future of work,Lavenir du travail
6,0,0,0,0,2022,,Health Canada,Santé Canada,,Q96a,"Question 96a. In general, which of the following activities do you feel are best completed at a Government of Canada location?  Attend meetings","Question 96a. En règle général, laquelle des activités suivantes préférez-vous effectuer dans un bureau du gouvernement du Canada? ...Assister à des réunions",27,73,9999,9999,9999,9999,9999,9999,9999,9999,27,99,9999,4220.0,Health Canada,Santé Canada,4,Workplace,Milieu de travail,19,Future of work,Lavenir du travail
6,0,0,0,0,2022,,Health Canada,Santé Canada,,Q96b,"Question 96b. In general, which of the following activities do you feel are best completed at a Government of Canada location?  Participate in team building activities","Question 96b. En général, laquelle des activités suivantes préférez-vous effectuer dans un bureau du gouvernement du Canada? ...Participer à des activités favorisant lesprit déquipe",50,50,9999,9999,9999,9999,9999,9999,9999,9999,50,99,9999,4220.0,Health Canada,Santé Canada,4,Workplace,Milieu de travail,19,Future of work,Lavenir du travail
6,0,0,0,0,2022,,Health Canada,Santé Canada,,Q96c,"Question 96c. In general, which of the following activities do you feel are best completed at a Government of Canada location?  Collaborate on projects with colleagues (e.g., brainstorming)","Question 96c. En général, laquelle des activités suivantes préférez-vous effectuer dans un bureau du gouvernement du Canada? ...Collaborer à des projets avec des collègues (p. ex. remue-méninges)",36,64,9999,9999,9999,9999,9999,9999,9999,9999,36,99,9999,4220.0,Health Canada,Santé Canada,4,Workplace,Milieu de travail,19,Future of work,Lavenir du travail
6,0,0,0,0,2022,,Health Canada,Santé Canada,,Q96d,"Question 96d. In general, which of the following activities do you feel are best completed at a Government of Canada location? ...Work with stakeholders or clients","Question 96d. En général, laquelle des activités suivantes préférez-vous effectuer dans un bureau du gouvernement du Canada? ...Travailler avec des intervenants ou des clients",12,88,9999,9999,9999,9999,9999,9999,9999,9999,12,99,9999,4220.0,Health Canada,Santé Canada,4,Workplace,Milieu de travail,19,Future of work,Lavenir du travail
6,0,0,0,0,2022,,Health Canada,Santé Canada,,Q96e,"Question 96e. In general, which of the following activities do you feel are best completed at a Government of Canada location?  Completing onboarding of employees","Question 96e. En général, laquelle des activités suivantes préférez-vous effectuer dans un bureau du gouvernement du Canada? ...Effectuer les processus daccueil et dintégration des employé(e)s",28,72,9999,9999,9999,9999,9999,9999,9999,9999,28,99,9999,4220.0,Health Canada,Santé Canada,4,Workplace,Milieu de travail,19,Future of work,Lavenir du travail
6,0,0,0,0,2022,,Health Canada,Santé Canada,,Q96f,"Question 96f. In general, which of the following activities do you feel are best completed at a Government of Canada location?  Completing offboarding of employees","Question 96f. En général, laquelle des activités suivantes préférez-vous effectuer dans un bureau du gouvernement du Canada? ...Effectuer les processus de départ des employé(e)s",11,89,9999,9999,9999,9999,9999,9999,9999,9999,11,99,9999,4220.0,Health Canada,Santé Canada,4,Workplace,Milieu de travail,19,Future of work,Lavenir du travail
6,0,0,0,0,2022,,Health Canada,Santé Canada,,Q96g,"Question 96g. In general, which of the following activities do you feel are best completed at a Government of Canada location?  Perform individual work","Question 96g. En général, laquelle des activités suivantes préférez-vous effectuer dans un bureau du gouvernement du Canada? ...Réaliser des travaux individuels",16,84,9999,9999,9999,9999,9999,9999,9999,9999,16,99,9999,4220.0,Health Canada,Santé Canada,4,Workplace,Milieu de travail,19,Future of work,Lavenir du travail
6,0,0,0,0,2022,,Health Canada,Santé Canada,,Q96h,"Question 96h. In general, which of the following activities do you feel are best completed at a Government of Canada location? ...Completing other administrative work (e.g., tasks related to human resources, finance and security)","Question 96h. En général, laquelle des activités suivantes préférez-vous effectuer dans un bureau du gouvernement du Canada? ...Réaliser dautres tâches administratives (p. ex. tâches liées aux ressources humaines, aux finances et à la sécurité)",10,90,9999,9999,9999,9999,9999,9999,9999,9999,10,99,9999,4220.0,Health Canada,Santé Canada,4,Workplace,Milieu de travail,19,Future of work,Lavenir du travail
6,0,0,0,0,2022,,Health Canada,Santé Canada,,Q96i,"Question 96i. In general, which of the following activities do you feel are best completed at a Government of Canada location?  Discussing sensitive issues","Question 96i. En général, laquelle des activités suivantes préférez-vous effectuer dans un bureau du gouvernement du Canada? ...Aborder des sujets délicats",20,80,9999,9999,9999,9999,9999,9999,9999,9999,20,99,9999,4220.0,Health Canada,Santé Canada,4,Workplace,Milieu de travail,19,Future of work,Lavenir du travail
6,0,0,0,0,2022,,Health Canada,Santé Canada,,Q96j,"Question 96j. In general, which of the following activities do you feel are best completed at a Government of Canada location? ...Training","Question 96j. En général, laquelle des activités suivantes préférez-vous effectuer dans un bureau du gouvernement du Canada? ...Formation",19,81,9999,9999,9999,9999,9999,9999,9999,9999,19,99,9999,4220.0,Health Canada,Santé Canada,4,Workplace,Milieu de travail,19,Future of work,Lavenir du travail
6,0,0,0,0,2022,,Health Canada,Santé Canada,,Q96k,"Question 96k. In general, which of the following activities do you feel are best completed at a Government of Canada location? ...Other","Question 96k. En général, laquelle des activités suivantes préférez-vous effectuer dans un bureau du gouvernement du Canada? ...Autre",4,96,9999,9999,9999,9999,9999,9999,9999,9999,4,99,9999,4220.0,Health Canada,Santé Canada,4,Workplace,Milieu de travail,19,Future of work,Lavenir du travail
6,0,0,0,0,2022,,Health Canada,Santé Canada,,Q96l,"Question 96l. In general, which of the following activities do you feel are best completed at a Government of Canada location? ...None of the above","Question 96l. En général, laquelle des activités suivantes préférez-vous effectuer dans un bureau du gouvernement du Canada? ...Aucune de ces réponses",30,70,9999,9999,9999,9999,9999,9999,9999,9999,30,99,9999,4220.0,Health Canada,Santé Canada,4,Workplace,Milieu de travail,19,Future of work,Lavenir du travail
6,0,0,0,0,2022,,Health Canada,Santé Canada,,Q97,Question 97. Having the flexibility to choose where I work allows me to have a better work-life-balance.,Question 97. Le fait davoir la flexibilité de choisir lendroit où je travaille me permet davoir un meilleur équilibre travail-vie personnelle.,77,12,3,1,3,0,4,92,4,4,92,4.65,91,4225.0,Health Canada,Santé Canada,4,Workplace,Milieu de travail,19,Future of work,Lavenir du travail
6,0,0,0,0,2022,,Health Canada,Santé Canada,,Q98,Question 98. I am concerned that I will miss out on career opportunities if I am not at the Government of Canada worksite as often as others.,Question 98. Je crains de rater des possibilités demploi si je ne travaille pas sur place à un site du gouvernement du Canada aussi souvent que dautres.,7,14,14,14,42,4,5,61,15,24,24,3.75,69,4220.0,Health Canada,Santé Canada,4,Workplace,Milieu de travail,19,Future of work,Lavenir du travail
6,0,0,0,0,2022,,Health Canada,Santé Canada,,Q99,Question 99. I believe team members who attend meetings virtually would feel less included than those who attend in person.,Question 99. Je crois que les membres de léquipe qui assistent virtuellement aux réunions se sentent moins inclus que ceux qui y assistent en personne.,7,18,15,14,40,4,2,58,16,26,26,3.67,67,4215.0,Health Canada,Santé Canada,4,Workplace,Milieu de travail,19,Future of work,Lavenir du travail
